jahr,kategorie,zahlungspflichtiger,betrag_mrd_euro,notiz
2027,kindererziehungszeiten,Bund,20.117,"677.117 Geburten 2024 x 3 Jahre x Durchschnittsentgelt 2026 x 18,6 %"
2027,pflegezeiten,Pflegeversicherung,5.917,"1,1 Mio. Pflegepersonen x mittlere BMG-Bemessungsspanne 2026 x 18,6 %"
2027,ba_leistungsempfaenger,Bundesagentur fuer Arbeit,5.972,DRV-Rechnungsergebnisse 2025: Pflichtbeitraege fuer BA-Leistungsempfaenger
2027,versorgungsdienststellen,Versorgungsdienststellen,1.416,DRV-Rechnungsergebnisse 2025: Erstattungen von Versorgungsdienststellen
2028,kindererziehungszeiten,Bund,20.620,"677.117 Geburten 2024 x 3 Jahre x Durchschnittsentgelt 2026 x 18,6 %"
2028,pflegezeiten,Pflegeversicherung,6.065,"1,1 Mio. Pflegepersonen x mittlere BMG-Bemessungsspanne 2026 x 18,6 %"
2028,ba_leistungsempfaenger,Bundesagentur fuer Arbeit,6.121,DRV-Rechnungsergebnisse 2025: Pflichtbeitraege fuer BA-Leistungsempfaenger
2028,versorgungsdienststellen,Versorgungsdienststellen,1.451,DRV-Rechnungsergebnisse 2025: Erstattungen von Versorgungsdienststellen
2029,kindererziehungszeiten,Bund,21.135,"677.117 Geburten 2024 x 3 Jahre x Durchschnittsentgelt 2026 x 18,6 %"
2029,pflegezeiten,Pflegeversicherung,6.217,"1,1 Mio. Pflegepersonen x mittlere BMG-Bemessungsspanne 2026 x 18,6 %"
2029,ba_leistungsempfaenger,Bundesagentur fuer Arbeit,6.274,DRV-Rechnungsergebnisse 2025: Pflichtbeitraege fuer BA-Leistungsempfaenger
2029,versorgungsdienststellen,Versorgungsdienststellen,1.488,DRV-Rechnungsergebnisse 2025: Erstattungen von Versorgungsdienststellen
2030,kindererziehungszeiten,Bund,21.664,"677.117 Geburten 2024 x 3 Jahre x Durchschnittsentgelt 2026 x 18,6 %"
2030,pflegezeiten,Pflegeversicherung,6.372,"1,1 Mio. Pflegepersonen x mittlere BMG-Bemessungsspanne 2026 x 18,6 %"
2030,ba_leistungsempfaenger,Bundesagentur fuer Arbeit,6.431,DRV-Rechnungsergebnisse 2025: Pflichtbeitraege fuer BA-Leistungsempfaenger
2030,versorgungsdienststellen,Versorgungsdienststellen,1.525,DRV-Rechnungsergebnisse 2025: Erstattungen von Versorgungsdienststellen
2031,kindererziehungszeiten,Bund,22.205,"677.117 Geburten 2024 x 3 Jahre x Durchschnittsentgelt 2026 x 18,6 %"
2031,pflegezeiten,Pflegeversicherung,6.531,"1,1 Mio. Pflegepersonen x mittlere BMG-Bemessungsspanne 2026 x 18,6 %"
2031,ba_leistungsempfaenger,Bundesagentur fuer Arbeit,6.592,DRV-Rechnungsergebnisse 2025: Pflichtbeitraege fuer BA-Leistungsempfaenger
2031,versorgungsdienststellen,Versorgungsdienststellen,1.563,DRV-Rechnungsergebnisse 2025: Erstattungen von Versorgungsdienststellen
2032,kindererziehungszeiten,Bund,22.760,"677.117 Geburten 2024 x 3 Jahre x Durchschnittsentgelt 2026 x 18,6 %"
2032,pflegezeiten,Pflegeversicherung,6.695,"1,1 Mio. Pflegepersonen x mittlere BMG-Bemessungsspanne 2026 x 18,6 %"
2032,ba_leistungsempfaenger,Bundesagentur fuer Arbeit,6.757,DRV-Rechnungsergebnisse 2025: Pflichtbeitraege fuer BA-Leistungsempfaenger
2032,versorgungsdienststellen,Versorgungsdienststellen,1.602,DRV-Rechnungsergebnisse 2025: Erstattungen von Versorgungsdienststellen
2033,kindererziehungszeiten,Bund,23.329,"677.117 Geburten 2024 x 3 Jahre x Durchschnittsentgelt 2026 x 18,6 %"
2033,pflegezeiten,Pflegeversicherung,6.862,"1,1 Mio. Pflegepersonen x mittlere BMG-Bemessungsspanne 2026 x 18,6 %"
2033,ba_leistungsempfaenger,Bundesagentur fuer Arbeit,6.926,DRV-Rechnungsergebnisse 2025: Pflichtbeitraege fuer BA-Leistungsempfaenger
2033,versorgungsdienststellen,Versorgungsdienststellen,1.642,DRV-Rechnungsergebnisse 2025: Erstattungen von Versorgungsdienststellen
2034,kindererziehungszeiten,Bund,23.912,"677.117 Geburten 2024 x 3 Jahre x Durchschnittsentgelt 2026 x 18,6 %"
2034,pflegezeiten,Pflegeversicherung,7.034,"1,1 Mio. Pflegepersonen x mittlere BMG-Bemessungsspanne 2026 x 18,6 %"
2034,ba_leistungsempfaenger,Bundesagentur fuer Arbeit,7.099,DRV-Rechnungsergebnisse 2025: Pflichtbeitraege fuer BA-Leistungsempfaenger
2034,versorgungsdienststellen,Versorgungsdienststellen,1.683,DRV-Rechnungsergebnisse 2025: Erstattungen von Versorgungsdienststellen
2035,kindererziehungszeiten,Bund,24.510,"677.117 Geburten 2024 x 3 Jahre x Durchschnittsentgelt 2026 x 18,6 %"
2035,pflegezeiten,Pflegeversicherung,7.209,"1,1 Mio. Pflegepersonen x mittlere BMG-Bemessungsspanne 2026 x 18,6 %"
2035,ba_leistungsempfaenger,Bundesagentur fuer Arbeit,7.276,DRV-Rechnungsergebnisse 2025: Pflichtbeitraege fuer BA-Leistungsempfaenger
2035,versorgungsdienststellen,Versorgungsdienststellen,1.725,DRV-Rechnungsergebnisse 2025: Erstattungen von Versorgungsdienststellen
2036,kindererziehungszeiten,Bund,25.123,"677.117 Geburten 2024 x 3 Jahre x Durchschnittsentgelt 2026 x 18,6 %"
2036,pflegezeiten,Pflegeversicherung,7.390,"1,1 Mio. Pflegepersonen x mittlere BMG-Bemessungsspanne 2026 x 18,6 %"
2036,ba_leistungsempfaenger,Bundesagentur fuer Arbeit,7.458,DRV-Rechnungsergebnisse 2025: Pflichtbeitraege fuer BA-Leistungsempfaenger
2036,versorgungsdienststellen,Versorgungsdienststellen,1.768,DRV-Rechnungsergebnisse 2025: Erstattungen von Versorgungsdienststellen
2037,kindererziehungszeiten,Bund,25.751,"677.117 Geburten 2024 x 3 Jahre x Durchschnittsentgelt 2026 x 18,6 %"
2037,pflegezeiten,Pflegeversicherung,7.574,"1,1 Mio. Pflegepersonen x mittlere BMG-Bemessungsspanne 2026 x 18,6 %"
2037,ba_leistungsempfaenger,Bundesagentur fuer Arbeit,7.645,DRV-Rechnungsergebnisse 2025: Pflichtbeitraege fuer BA-Leistungsempfaenger
2037,versorgungsdienststellen,Versorgungsdienststellen,1.813,DRV-Rechnungsergebnisse 2025: Erstattungen von Versorgungsdienststellen
2038,kindererziehungszeiten,Bund,26.395,"677.117 Geburten 2024 x 3 Jahre x Durchschnittsentgelt 2026 x 18,6 %"
2038,pflegezeiten,Pflegeversicherung,7.764,"1,1 Mio. Pflegepersonen x mittlere BMG-Bemessungsspanne 2026 x 18,6 %"
2038,ba_leistungsempfaenger,Bundesagentur fuer Arbeit,7.836,DRV-Rechnungsergebnisse 2025: Pflichtbeitraege fuer BA-Leistungsempfaenger
2038,versorgungsdienststellen,Versorgungsdienststellen,1.858,DRV-Rechnungsergebnisse 2025: Erstattungen von Versorgungsdienststellen
2039,kindererziehungszeiten,Bund,27.055,"677.117 Geburten 2024 x 3 Jahre x Durchschnittsentgelt 2026 x 18,6 %"
2039,pflegezeiten,Pflegeversicherung,7.958,"1,1 Mio. Pflegepersonen x mittlere BMG-Bemessungsspanne 2026 x 18,6 %"
2039,ba_leistungsempfaenger,Bundesagentur fuer Arbeit,8.032,DRV-Rechnungsergebnisse 2025: Pflichtbeitraege fuer BA-Leistungsempfaenger
2039,versorgungsdienststellen,Versorgungsdienststellen,1.904,DRV-Rechnungsergebnisse 2025: Erstattungen von Versorgungsdienststellen
2040,kindererziehungszeiten,Bund,27.731,"677.117 Geburten 2024 x 3 Jahre x Durchschnittsentgelt 2026 x 18,6 %"
2040,pflegezeiten,Pflegeversicherung,8.157,"1,1 Mio. Pflegepersonen x mittlere BMG-Bemessungsspanne 2026 x 18,6 %"
2040,ba_leistungsempfaenger,Bundesagentur fuer Arbeit,8.232,DRV-Rechnungsergebnisse 2025: Pflichtbeitraege fuer BA-Leistungsempfaenger
2040,versorgungsdienststellen,Versorgungsdienststellen,1.952,DRV-Rechnungsergebnisse 2025: Erstattungen von Versorgungsdienststellen
2041,kindererziehungszeiten,Bund,28.424,"677.117 Geburten 2024 x 3 Jahre x Durchschnittsentgelt 2026 x 18,6 %"
2041,pflegezeiten,Pflegeversicherung,8.361,"1,1 Mio. Pflegepersonen x mittlere BMG-Bemessungsspanne 2026 x 18,6 %"
2041,ba_leistungsempfaenger,Bundesagentur fuer Arbeit,8.438,DRV-Rechnungsergebnisse 2025: Pflichtbeitraege fuer BA-Leistungsempfaenger
2041,versorgungsdienststellen,Versorgungsdienststellen,2.001,DRV-Rechnungsergebnisse 2025: Erstattungen von Versorgungsdienststellen
2042,kindererziehungszeiten,Bund,29.135,"677.117 Geburten 2024 x 3 Jahre x Durchschnittsentgelt 2026 x 18,6 %"
2042,pflegezeiten,Pflegeversicherung,8.570,"1,1 Mio. Pflegepersonen x mittlere BMG-Bemessungsspanne 2026 x 18,6 %"
2042,ba_leistungsempfaenger,Bundesagentur fuer Arbeit,8.649,DRV-Rechnungsergebnisse 2025: Pflichtbeitraege fuer BA-Leistungsempfaenger
2042,versorgungsdienststellen,Versorgungsdienststellen,2.051,DRV-Rechnungsergebnisse 2025: Erstattungen von Versorgungsdienststellen
2043,kindererziehungszeiten,Bund,29.863,"677.117 Geburten 2024 x 3 Jahre x Durchschnittsentgelt 2026 x 18,6 %"
2043,pflegezeiten,Pflegeversicherung,8.784,"1,1 Mio. Pflegepersonen x mittlere BMG-Bemessungsspanne 2026 x 18,6 %"
2043,ba_leistungsempfaenger,Bundesagentur fuer Arbeit,8.865,DRV-Rechnungsergebnisse 2025: Pflichtbeitraege fuer BA-Leistungsempfaenger
2043,versorgungsdienststellen,Versorgungsdienststellen,2.102,DRV-Rechnungsergebnisse 2025: Erstattungen von Versorgungsdienststellen
2044,kindererziehungszeiten,Bund,30.610,"677.117 Geburten 2024 x 3 Jahre x Durchschnittsentgelt 2026 x 18,6 %"
2044,pflegezeiten,Pflegeversicherung,9.004,"1,1 Mio. Pflegepersonen x mittlere BMG-Bemessungsspanne 2026 x 18,6 %"
2044,ba_leistungsempfaenger,Bundesagentur fuer Arbeit,9.087,DRV-Rechnungsergebnisse 2025: Pflichtbeitraege fuer BA-Leistungsempfaenger
2044,versorgungsdienststellen,Versorgungsdienststellen,2.155,DRV-Rechnungsergebnisse 2025: Erstattungen von Versorgungsdienststellen
2045,kindererziehungszeiten,Bund,31.375,"677.117 Geburten 2024 x 3 Jahre x Durchschnittsentgelt 2026 x 18,6 %"
2045,pflegezeiten,Pflegeversicherung,9.229,"1,1 Mio. Pflegepersonen x mittlere BMG-Bemessungsspanne 2026 x 18,6 %"
2045,ba_leistungsempfaenger,Bundesagentur fuer Arbeit,9.314,DRV-Rechnungsergebnisse 2025: Pflichtbeitraege fuer BA-Leistungsempfaenger
2045,versorgungsdienststellen,Versorgungsdienststellen,2.209,DRV-Rechnungsergebnisse 2025: Erstattungen von Versorgungsdienststellen
2046,kindererziehungszeiten,Bund,32.160,"677.117 Geburten 2024 x 3 Jahre x Durchschnittsentgelt 2026 x 18,6 %"
2046,pflegezeiten,Pflegeversicherung,9.459,"1,1 Mio. Pflegepersonen x mittlere BMG-Bemessungsspanne 2026 x 18,6 %"
2046,ba_leistungsempfaenger,Bundesagentur fuer Arbeit,9.547,DRV-Rechnungsergebnisse 2025: Pflichtbeitraege fuer BA-Leistungsempfaenger
2046,versorgungsdienststellen,Versorgungsdienststellen,2.264,DRV-Rechnungsergebnisse 2025: Erstattungen von Versorgungsdienststellen
2047,kindererziehungszeiten,Bund,32.964,"677.117 Geburten 2024 x 3 Jahre x Durchschnittsentgelt 2026 x 18,6 %"
2047,pflegezeiten,Pflegeversicherung,9.696,"1,1 Mio. Pflegepersonen x mittlere BMG-Bemessungsspanne 2026 x 18,6 %"
2047,ba_leistungsempfaenger,Bundesagentur fuer Arbeit,9.786,DRV-Rechnungsergebnisse 2025: Pflichtbeitraege fuer BA-Leistungsempfaenger
2047,versorgungsdienststellen,Versorgungsdienststellen,2.320,DRV-Rechnungsergebnisse 2025: Erstattungen von Versorgungsdienststellen
2048,kindererziehungszeiten,Bund,33.788,"677.117 Geburten 2024 x 3 Jahre x Durchschnittsentgelt 2026 x 18,6 %"
2048,pflegezeiten,Pflegeversicherung,9.938,"1,1 Mio. Pflegepersonen x mittlere BMG-Bemessungsspanne 2026 x 18,6 %"
2048,ba_leistungsempfaenger,Bundesagentur fuer Arbeit,10.030,DRV-Rechnungsergebnisse 2025: Pflichtbeitraege fuer BA-Leistungsempfaenger
2048,versorgungsdienststellen,Versorgungsdienststellen,2.378,DRV-Rechnungsergebnisse 2025: Erstattungen von Versorgungsdienststellen
2049,kindererziehungszeiten,Bund,34.632,"677.117 Geburten 2024 x 3 Jahre x Durchschnittsentgelt 2026 x 18,6 %"
2049,pflegezeiten,Pflegeversicherung,10.187,"1,1 Mio. Pflegepersonen x mittlere BMG-Bemessungsspanne 2026 x 18,6 %"
2049,ba_leistungsempfaenger,Bundesagentur fuer Arbeit,10.281,DRV-Rechnungsergebnisse 2025: Pflichtbeitraege fuer BA-Leistungsempfaenger
2049,versorgungsdienststellen,Versorgungsdienststellen,2.438,DRV-Rechnungsergebnisse 2025: Erstattungen von Versorgungsdienststellen
2050,kindererziehungszeiten,Bund,35.498,"677.117 Geburten 2024 x 3 Jahre x Durchschnittsentgelt 2026 x 18,6 %"
2050,pflegezeiten,Pflegeversicherung,10.441,"1,1 Mio. Pflegepersonen x mittlere BMG-Bemessungsspanne 2026 x 18,6 %"
2050,ba_leistungsempfaenger,Bundesagentur fuer Arbeit,10.538,DRV-Rechnungsergebnisse 2025: Pflichtbeitraege fuer BA-Leistungsempfaenger
2050,versorgungsdienststellen,Versorgungsdienststellen,2.499,DRV-Rechnungsergebnisse 2025: Erstattungen von Versorgungsdienststellen
2051,kindererziehungszeiten,Bund,36.386,"677.117 Geburten 2024 x 3 Jahre x Durchschnittsentgelt 2026 x 18,6 %"
2051,pflegezeiten,Pflegeversicherung,10.702,"1,1 Mio. Pflegepersonen x mittlere BMG-Bemessungsspanne 2026 x 18,6 %"
2051,ba_leistungsempfaenger,Bundesagentur fuer Arbeit,10.802,DRV-Rechnungsergebnisse 2025: Pflichtbeitraege fuer BA-Leistungsempfaenger
2051,versorgungsdienststellen,Versorgungsdienststellen,2.561,DRV-Rechnungsergebnisse 2025: Erstattungen von Versorgungsdienststellen
2052,kindererziehungszeiten,Bund,37.295,"677.117 Geburten 2024 x 3 Jahre x Durchschnittsentgelt 2026 x 18,6 %"
2052,pflegezeiten,Pflegeversicherung,10.970,"1,1 Mio. Pflegepersonen x mittlere BMG-Bemessungsspanne 2026 x 18,6 %"
2052,ba_leistungsempfaenger,Bundesagentur fuer Arbeit,11.072,DRV-Rechnungsergebnisse 2025: Pflichtbeitraege fuer BA-Leistungsempfaenger
2052,versorgungsdienststellen,Versorgungsdienststellen,2.625,DRV-Rechnungsergebnisse 2025: Erstattungen von Versorgungsdienststellen
2053,kindererziehungszeiten,Bund,38.228,"677.117 Geburten 2024 x 3 Jahre x Durchschnittsentgelt 2026 x 18,6 %"
2053,pflegezeiten,Pflegeversicherung,11.244,"1,1 Mio. Pflegepersonen x mittlere BMG-Bemessungsspanne 2026 x 18,6 %"
2053,ba_leistungsempfaenger,Bundesagentur fuer Arbeit,11.349,DRV-Rechnungsergebnisse 2025: Pflichtbeitraege fuer BA-Leistungsempfaenger
2053,versorgungsdienststellen,Versorgungsdienststellen,2.691,DRV-Rechnungsergebnisse 2025: Erstattungen von Versorgungsdienststellen
2054,kindererziehungszeiten,Bund,39.183,"677.117 Geburten 2024 x 3 Jahre x Durchschnittsentgelt 2026 x 18,6 %"
2054,pflegezeiten,Pflegeversicherung,11.525,"1,1 Mio. Pflegepersonen x mittlere BMG-Bemessungsspanne 2026 x 18,6 %"
2054,ba_leistungsempfaenger,Bundesagentur fuer Arbeit,11.632,DRV-Rechnungsergebnisse 2025: Pflichtbeitraege fuer BA-Leistungsempfaenger
2054,versorgungsdienststellen,Versorgungsdienststellen,2.758,DRV-Rechnungsergebnisse 2025: Erstattungen von Versorgungsdienststellen
2055,kindererziehungszeiten,Bund,40.163,"677.117 Geburten 2024 x 3 Jahre x Durchschnittsentgelt 2026 x 18,6 %"
2055,pflegezeiten,Pflegeversicherung,11.813,"1,1 Mio. Pflegepersonen x mittlere BMG-Bemessungsspanne 2026 x 18,6 %"
2055,ba_leistungsempfaenger,Bundesagentur fuer Arbeit,11.923,DRV-Rechnungsergebnisse 2025: Pflichtbeitraege fuer BA-Leistungsempfaenger
2055,versorgungsdienststellen,Versorgungsdienststellen,2.827,DRV-Rechnungsergebnisse 2025: Erstattungen von Versorgungsdienststellen
2056,kindererziehungszeiten,Bund,41.167,"677.117 Geburten 2024 x 3 Jahre x Durchschnittsentgelt 2026 x 18,6 %"
2056,pflegezeiten,Pflegeversicherung,12.109,"1,1 Mio. Pflegepersonen x mittlere BMG-Bemessungsspanne 2026 x 18,6 %"
2056,ba_leistungsempfaenger,Bundesagentur fuer Arbeit,12.221,DRV-Rechnungsergebnisse 2025: Pflichtbeitraege fuer BA-Leistungsempfaenger
2056,versorgungsdienststellen,Versorgungsdienststellen,2.898,DRV-Rechnungsergebnisse 2025: Erstattungen von Versorgungsdienststellen
2057,kindererziehungszeiten,Bund,42.196,"677.117 Geburten 2024 x 3 Jahre x Durchschnittsentgelt 2026 x 18,6 %"
2057,pflegezeiten,Pflegeversicherung,12.412,"1,1 Mio. Pflegepersonen x mittlere BMG-Bemessungsspanne 2026 x 18,6 %"
2057,ba_leistungsempfaenger,Bundesagentur fuer Arbeit,12.527,DRV-Rechnungsergebnisse 2025: Pflichtbeitraege fuer BA-Leistungsempfaenger
2057,versorgungsdienststellen,Versorgungsdienststellen,2.970,DRV-Rechnungsergebnisse 2025: Erstattungen von Versorgungsdienststellen
2058,kindererziehungszeiten,Bund,43.251,"677.117 Geburten 2024 x 3 Jahre x Durchschnittsentgelt 2026 x 18,6 %"
2058,pflegezeiten,Pflegeversicherung,12.722,"1,1 Mio. Pflegepersonen x mittlere BMG-Bemessungsspanne 2026 x 18,6 %"
2058,ba_leistungsempfaenger,Bundesagentur fuer Arbeit,12.840,DRV-Rechnungsergebnisse 2025: Pflichtbeitraege fuer BA-Leistungsempfaenger
2058,versorgungsdienststellen,Versorgungsdienststellen,3.044,DRV-Rechnungsergebnisse 2025: Erstattungen von Versorgungsdienststellen
2059,kindererziehungszeiten,Bund,44.332,"677.117 Geburten 2024 x 3 Jahre x Durchschnittsentgelt 2026 x 18,6 %"
2059,pflegezeiten,Pflegeversicherung,13.040,"1,1 Mio. Pflegepersonen x mittlere BMG-Bemessungsspanne 2026 x 18,6 %"
2059,ba_leistungsempfaenger,Bundesagentur fuer Arbeit,13.161,DRV-Rechnungsergebnisse 2025: Pflichtbeitraege fuer BA-Leistungsempfaenger
2059,versorgungsdienststellen,Versorgungsdienststellen,3.121,DRV-Rechnungsergebnisse 2025: Erstattungen von Versorgungsdienststellen
2060,kindererziehungszeiten,Bund,45.441,"677.117 Geburten 2024 x 3 Jahre x Durchschnittsentgelt 2026 x 18,6 %"
2060,pflegezeiten,Pflegeversicherung,13.366,"1,1 Mio. Pflegepersonen x mittlere BMG-Bemessungsspanne 2026 x 18,6 %"
2060,ba_leistungsempfaenger,Bundesagentur fuer Arbeit,13.490,DRV-Rechnungsergebnisse 2025: Pflichtbeitraege fuer BA-Leistungsempfaenger
2060,versorgungsdienststellen,Versorgungsdienststellen,3.199,DRV-Rechnungsergebnisse 2025: Erstattungen von Versorgungsdienststellen
2061,kindererziehungszeiten,Bund,46.577,"677.117 Geburten 2024 x 3 Jahre x Durchschnittsentgelt 2026 x 18,6 %"
2061,pflegezeiten,Pflegeversicherung,13.700,"1,1 Mio. Pflegepersonen x mittlere BMG-Bemessungsspanne 2026 x 18,6 %"
2061,ba_leistungsempfaenger,Bundesagentur fuer Arbeit,13.827,DRV-Rechnungsergebnisse 2025: Pflichtbeitraege fuer BA-Leistungsempfaenger
2061,versorgungsdienststellen,Versorgungsdienststellen,3.279,DRV-Rechnungsergebnisse 2025: Erstattungen von Versorgungsdienststellen
2062,kindererziehungszeiten,Bund,47.741,"677.117 Geburten 2024 x 3 Jahre x Durchschnittsentgelt 2026 x 18,6 %"
2062,pflegezeiten,Pflegeversicherung,14.043,"1,1 Mio. Pflegepersonen x mittlere BMG-Bemessungsspanne 2026 x 18,6 %"
2062,ba_leistungsempfaenger,Bundesagentur fuer Arbeit,14.173,DRV-Rechnungsergebnisse 2025: Pflichtbeitraege fuer BA-Leistungsempfaenger
2062,versorgungsdienststellen,Versorgungsdienststellen,3.361,DRV-Rechnungsergebnisse 2025: Erstattungen von Versorgungsdienststellen
2063,kindererziehungszeiten,Bund,48.935,"677.117 Geburten 2024 x 3 Jahre x Durchschnittsentgelt 2026 x 18,6 %"
2063,pflegezeiten,Pflegeversicherung,14.394,"1,1 Mio. Pflegepersonen x mittlere BMG-Bemessungsspanne 2026 x 18,6 %"
2063,ba_leistungsempfaenger,Bundesagentur fuer Arbeit,14.527,DRV-Rechnungsergebnisse 2025: Pflichtbeitraege fuer BA-Leistungsempfaenger
2063,versorgungsdienststellen,Versorgungsdienststellen,3.445,DRV-Rechnungsergebnisse 2025: Erstattungen von Versorgungsdienststellen
2064,kindererziehungszeiten,Bund,50.158,"677.117 Geburten 2024 x 3 Jahre x Durchschnittsentgelt 2026 x 18,6 %"
2064,pflegezeiten,Pflegeversicherung,14.753,"1,1 Mio. Pflegepersonen x mittlere BMG-Bemessungsspanne 2026 x 18,6 %"
2064,ba_leistungsempfaenger,Bundesagentur fuer Arbeit,14.890,DRV-Rechnungsergebnisse 2025: Pflichtbeitraege fuer BA-Leistungsempfaenger
2064,versorgungsdienststellen,Versorgungsdienststellen,3.531,DRV-Rechnungsergebnisse 2025: Erstattungen von Versorgungsdienststellen
2065,kindererziehungszeiten,Bund,51.412,"677.117 Geburten 2024 x 3 Jahre x Durchschnittsentgelt 2026 x 18,6 %"
2065,pflegezeiten,Pflegeversicherung,15.122,"1,1 Mio. Pflegepersonen x mittlere BMG-Bemessungsspanne 2026 x 18,6 %"
2065,ba_leistungsempfaenger,Bundesagentur fuer Arbeit,15.263,DRV-Rechnungsergebnisse 2025: Pflichtbeitraege fuer BA-Leistungsempfaenger
2065,versorgungsdienststellen,Versorgungsdienststellen,3.619,DRV-Rechnungsergebnisse 2025: Erstattungen von Versorgungsdienststellen
2066,kindererziehungszeiten,Bund,52.697,"677.117 Geburten 2024 x 3 Jahre x Durchschnittsentgelt 2026 x 18,6 %"
2066,pflegezeiten,Pflegeversicherung,15.500,"1,1 Mio. Pflegepersonen x mittlere BMG-Bemessungsspanne 2026 x 18,6 %"
2066,ba_leistungsempfaenger,Bundesagentur fuer Arbeit,15.644,DRV-Rechnungsergebnisse 2025: Pflichtbeitraege fuer BA-Leistungsempfaenger
2066,versorgungsdienststellen,Versorgungsdienststellen,3.709,DRV-Rechnungsergebnisse 2025: Erstattungen von Versorgungsdienststellen
2067,kindererziehungszeiten,Bund,54.015,"677.117 Geburten 2024 x 3 Jahre x Durchschnittsentgelt 2026 x 18,6 %"
2067,pflegezeiten,Pflegeversicherung,15.888,"1,1 Mio. Pflegepersonen x mittlere BMG-Bemessungsspanne 2026 x 18,6 %"
2067,ba_leistungsempfaenger,Bundesagentur fuer Arbeit,16.035,DRV-Rechnungsergebnisse 2025: Pflichtbeitraege fuer BA-Leistungsempfaenger
2067,versorgungsdienststellen,Versorgungsdienststellen,3.802,DRV-Rechnungsergebnisse 2025: Erstattungen von Versorgungsdienststellen
2068,kindererziehungszeiten,Bund,55.365,"677.117 Geburten 2024 x 3 Jahre x Durchschnittsentgelt 2026 x 18,6 %"
2068,pflegezeiten,Pflegeversicherung,16.285,"1,1 Mio. Pflegepersonen x mittlere BMG-Bemessungsspanne 2026 x 18,6 %"
2068,ba_leistungsempfaenger,Bundesagentur fuer Arbeit,16.436,DRV-Rechnungsergebnisse 2025: Pflichtbeitraege fuer BA-Leistungsempfaenger
2068,versorgungsdienststellen,Versorgungsdienststellen,3.897,DRV-Rechnungsergebnisse 2025: Erstattungen von Versorgungsdienststellen
2069,kindererziehungszeiten,Bund,56.749,"677.117 Geburten 2024 x 3 Jahre x Durchschnittsentgelt 2026 x 18,6 %"
2069,pflegezeiten,Pflegeversicherung,16.692,"1,1 Mio. Pflegepersonen x mittlere BMG-Bemessungsspanne 2026 x 18,6 %"
2069,ba_leistungsempfaenger,Bundesagentur fuer Arbeit,16.847,DRV-Rechnungsergebnisse 2025: Pflichtbeitraege fuer BA-Leistungsempfaenger
2069,versorgungsdienststellen,Versorgungsdienststellen,3.995,DRV-Rechnungsergebnisse 2025: Erstattungen von Versorgungsdienststellen
2070,kindererziehungszeiten,Bund,58.168,"677.117 Geburten 2024 x 3 Jahre x Durchschnittsentgelt 2026 x 18,6 %"
2070,pflegezeiten,Pflegeversicherung,17.109,"1,1 Mio. Pflegepersonen x mittlere BMG-Bemessungsspanne 2026 x 18,6 %"
2070,ba_leistungsempfaenger,Bundesagentur fuer Arbeit,17.268,DRV-Rechnungsergebnisse 2025: Pflichtbeitraege fuer BA-Leistungsempfaenger
2070,versorgungsdienststellen,Versorgungsdienststellen,4.094,DRV-Rechnungsergebnisse 2025: Erstattungen von Versorgungsdienststellen
