zusatzbeitragssatz,realrendite,jahresbeitrag_euro,ansparjahre,kapital_real_euro,auszahlungsjahre,zusatzrente_jahr_real_euro,zusatzrente_monat_real_euro,notiz
0.010000,0.010000,519.44,40,25393.54,20,1407.19,117.27,"Individuelle Modellrechnung auf Basis Durchschnittsentgelt 2026; reale Werte vor Steuern/Abgaben, ohne Garantie."
0.010000,0.030000,519.44,40,39166.43,20,2632.60,219.38,"Individuelle Modellrechnung auf Basis Durchschnittsentgelt 2026; reale Werte vor Steuern/Abgaben, ohne Garantie."
0.010000,0.050000,519.44,40,62748.23,20,5035.08,419.59,"Individuelle Modellrechnung auf Basis Durchschnittsentgelt 2026; reale Werte vor Steuern/Abgaben, ohne Garantie."
0.020000,0.010000,1038.88,40,50787.08,20,2814.38,234.53,"Individuelle Modellrechnung auf Basis Durchschnittsentgelt 2026; reale Werte vor Steuern/Abgaben, ohne Garantie."
0.020000,0.030000,1038.88,40,78332.86,20,5265.20,438.77,"Individuelle Modellrechnung auf Basis Durchschnittsentgelt 2026; reale Werte vor Steuern/Abgaben, ohne Garantie."
0.020000,0.050000,1038.88,40,125496.47,20,10070.16,839.18,"Individuelle Modellrechnung auf Basis Durchschnittsentgelt 2026; reale Werte vor Steuern/Abgaben, ohne Garantie."
0.030000,0.010000,1558.32,40,76180.61,20,4221.57,351.80,"Individuelle Modellrechnung auf Basis Durchschnittsentgelt 2026; reale Werte vor Steuern/Abgaben, ohne Garantie."
0.030000,0.030000,1558.32,40,117499.29,20,7897.80,658.15,"Individuelle Modellrechnung auf Basis Durchschnittsentgelt 2026; reale Werte vor Steuern/Abgaben, ohne Garantie."
0.030000,0.050000,1558.32,40,188244.70,20,15105.24,1258.77,"Individuelle Modellrechnung auf Basis Durchschnittsentgelt 2026; reale Werte vor Steuern/Abgaben, ohne Garantie."
