jahr,kategorie,zahlungspflichtiger,brutto_ausweis_mrd_euro,bereits_in_drv_finanzierung_mrd_euro,modellierter_netto_zusatzeffekt_mrd_euro,zahlungsstatus,doppelfrei_notiz
2027,kindererziehungszeiten,Bund,20.117,20.117,0.000,bestehende_Bundeszahlung,Bereits heute gesetzlich als Bundesbeitrag angelegt; Reform verlangt getrennten Ausweis statt pauschaler Vermengung.
2027,pflegezeiten,Pflegeversicherung,5.917,5.917,0.000,bestehende_Pflegeversicherungszahlung,Bereits heute Beitragszahlung der Pflegeversicherung; Reform verlangt getrennten Ausweis je Zahlungspflichtigem.
2027,ba_leistungsempfaenger,Bundesagentur fuer Arbeit,5.972,5.972,0.000,bestehende_BA_Beitraege,DRV-Rechnungsergebnis zeigt bereits Beitragszahlungen für BA-Leistungsempfänger.
2027,versorgungsdienststellen,Versorgungsdienststellen,1.416,1.416,0.000,bestehende_Erstattung,DRV-Rechnungsergebnis zeigt bereits Erstattungen von Versorgungsdienststellen.
2028,kindererziehungszeiten,Bund,20.620,20.620,0.000,bestehende_Bundeszahlung,Bereits heute gesetzlich als Bundesbeitrag angelegt; Reform verlangt getrennten Ausweis statt pauschaler Vermengung.
2028,pflegezeiten,Pflegeversicherung,6.065,6.065,0.000,bestehende_Pflegeversicherungszahlung,Bereits heute Beitragszahlung der Pflegeversicherung; Reform verlangt getrennten Ausweis je Zahlungspflichtigem.
2028,ba_leistungsempfaenger,Bundesagentur fuer Arbeit,6.121,6.121,0.000,bestehende_BA_Beitraege,DRV-Rechnungsergebnis zeigt bereits Beitragszahlungen für BA-Leistungsempfänger.
2028,versorgungsdienststellen,Versorgungsdienststellen,1.451,1.451,0.000,bestehende_Erstattung,DRV-Rechnungsergebnis zeigt bereits Erstattungen von Versorgungsdienststellen.
2029,kindererziehungszeiten,Bund,21.135,21.135,0.000,bestehende_Bundeszahlung,Bereits heute gesetzlich als Bundesbeitrag angelegt; Reform verlangt getrennten Ausweis statt pauschaler Vermengung.
2029,pflegezeiten,Pflegeversicherung,6.217,6.217,0.000,bestehende_Pflegeversicherungszahlung,Bereits heute Beitragszahlung der Pflegeversicherung; Reform verlangt getrennten Ausweis je Zahlungspflichtigem.
2029,ba_leistungsempfaenger,Bundesagentur fuer Arbeit,6.274,6.274,0.000,bestehende_BA_Beitraege,DRV-Rechnungsergebnis zeigt bereits Beitragszahlungen für BA-Leistungsempfänger.
2029,versorgungsdienststellen,Versorgungsdienststellen,1.488,1.488,0.000,bestehende_Erstattung,DRV-Rechnungsergebnis zeigt bereits Erstattungen von Versorgungsdienststellen.
2030,kindererziehungszeiten,Bund,21.664,21.664,0.000,bestehende_Bundeszahlung,Bereits heute gesetzlich als Bundesbeitrag angelegt; Reform verlangt getrennten Ausweis statt pauschaler Vermengung.
2030,pflegezeiten,Pflegeversicherung,6.372,6.372,0.000,bestehende_Pflegeversicherungszahlung,Bereits heute Beitragszahlung der Pflegeversicherung; Reform verlangt getrennten Ausweis je Zahlungspflichtigem.
2030,ba_leistungsempfaenger,Bundesagentur fuer Arbeit,6.431,6.431,0.000,bestehende_BA_Beitraege,DRV-Rechnungsergebnis zeigt bereits Beitragszahlungen für BA-Leistungsempfänger.
2030,versorgungsdienststellen,Versorgungsdienststellen,1.525,1.525,0.000,bestehende_Erstattung,DRV-Rechnungsergebnis zeigt bereits Erstattungen von Versorgungsdienststellen.
2031,kindererziehungszeiten,Bund,22.205,22.205,0.000,bestehende_Bundeszahlung,Bereits heute gesetzlich als Bundesbeitrag angelegt; Reform verlangt getrennten Ausweis statt pauschaler Vermengung.
2031,pflegezeiten,Pflegeversicherung,6.531,6.531,0.000,bestehende_Pflegeversicherungszahlung,Bereits heute Beitragszahlung der Pflegeversicherung; Reform verlangt getrennten Ausweis je Zahlungspflichtigem.
2031,ba_leistungsempfaenger,Bundesagentur fuer Arbeit,6.592,6.592,0.000,bestehende_BA_Beitraege,DRV-Rechnungsergebnis zeigt bereits Beitragszahlungen für BA-Leistungsempfänger.
2031,versorgungsdienststellen,Versorgungsdienststellen,1.563,1.563,0.000,bestehende_Erstattung,DRV-Rechnungsergebnis zeigt bereits Erstattungen von Versorgungsdienststellen.
2032,kindererziehungszeiten,Bund,22.760,22.760,0.000,bestehende_Bundeszahlung,Bereits heute gesetzlich als Bundesbeitrag angelegt; Reform verlangt getrennten Ausweis statt pauschaler Vermengung.
2032,pflegezeiten,Pflegeversicherung,6.695,6.695,0.000,bestehende_Pflegeversicherungszahlung,Bereits heute Beitragszahlung der Pflegeversicherung; Reform verlangt getrennten Ausweis je Zahlungspflichtigem.
2032,ba_leistungsempfaenger,Bundesagentur fuer Arbeit,6.757,6.757,0.000,bestehende_BA_Beitraege,DRV-Rechnungsergebnis zeigt bereits Beitragszahlungen für BA-Leistungsempfänger.
2032,versorgungsdienststellen,Versorgungsdienststellen,1.602,1.602,0.000,bestehende_Erstattung,DRV-Rechnungsergebnis zeigt bereits Erstattungen von Versorgungsdienststellen.
2033,kindererziehungszeiten,Bund,23.329,23.329,0.000,bestehende_Bundeszahlung,Bereits heute gesetzlich als Bundesbeitrag angelegt; Reform verlangt getrennten Ausweis statt pauschaler Vermengung.
2033,pflegezeiten,Pflegeversicherung,6.862,6.862,0.000,bestehende_Pflegeversicherungszahlung,Bereits heute Beitragszahlung der Pflegeversicherung; Reform verlangt getrennten Ausweis je Zahlungspflichtigem.
2033,ba_leistungsempfaenger,Bundesagentur fuer Arbeit,6.926,6.926,0.000,bestehende_BA_Beitraege,DRV-Rechnungsergebnis zeigt bereits Beitragszahlungen für BA-Leistungsempfänger.
2033,versorgungsdienststellen,Versorgungsdienststellen,1.642,1.642,0.000,bestehende_Erstattung,DRV-Rechnungsergebnis zeigt bereits Erstattungen von Versorgungsdienststellen.
2034,kindererziehungszeiten,Bund,23.912,23.912,0.000,bestehende_Bundeszahlung,Bereits heute gesetzlich als Bundesbeitrag angelegt; Reform verlangt getrennten Ausweis statt pauschaler Vermengung.
2034,pflegezeiten,Pflegeversicherung,7.034,7.034,0.000,bestehende_Pflegeversicherungszahlung,Bereits heute Beitragszahlung der Pflegeversicherung; Reform verlangt getrennten Ausweis je Zahlungspflichtigem.
2034,ba_leistungsempfaenger,Bundesagentur fuer Arbeit,7.099,7.099,0.000,bestehende_BA_Beitraege,DRV-Rechnungsergebnis zeigt bereits Beitragszahlungen für BA-Leistungsempfänger.
2034,versorgungsdienststellen,Versorgungsdienststellen,1.683,1.683,0.000,bestehende_Erstattung,DRV-Rechnungsergebnis zeigt bereits Erstattungen von Versorgungsdienststellen.
2035,kindererziehungszeiten,Bund,24.510,24.510,0.000,bestehende_Bundeszahlung,Bereits heute gesetzlich als Bundesbeitrag angelegt; Reform verlangt getrennten Ausweis statt pauschaler Vermengung.
2035,pflegezeiten,Pflegeversicherung,7.209,7.209,0.000,bestehende_Pflegeversicherungszahlung,Bereits heute Beitragszahlung der Pflegeversicherung; Reform verlangt getrennten Ausweis je Zahlungspflichtigem.
2035,ba_leistungsempfaenger,Bundesagentur fuer Arbeit,7.276,7.276,0.000,bestehende_BA_Beitraege,DRV-Rechnungsergebnis zeigt bereits Beitragszahlungen für BA-Leistungsempfänger.
2035,versorgungsdienststellen,Versorgungsdienststellen,1.725,1.725,0.000,bestehende_Erstattung,DRV-Rechnungsergebnis zeigt bereits Erstattungen von Versorgungsdienststellen.
2036,kindererziehungszeiten,Bund,25.123,25.123,0.000,bestehende_Bundeszahlung,Bereits heute gesetzlich als Bundesbeitrag angelegt; Reform verlangt getrennten Ausweis statt pauschaler Vermengung.
2036,pflegezeiten,Pflegeversicherung,7.390,7.390,0.000,bestehende_Pflegeversicherungszahlung,Bereits heute Beitragszahlung der Pflegeversicherung; Reform verlangt getrennten Ausweis je Zahlungspflichtigem.
2036,ba_leistungsempfaenger,Bundesagentur fuer Arbeit,7.458,7.458,0.000,bestehende_BA_Beitraege,DRV-Rechnungsergebnis zeigt bereits Beitragszahlungen für BA-Leistungsempfänger.
2036,versorgungsdienststellen,Versorgungsdienststellen,1.768,1.768,0.000,bestehende_Erstattung,DRV-Rechnungsergebnis zeigt bereits Erstattungen von Versorgungsdienststellen.
2037,kindererziehungszeiten,Bund,25.751,25.751,0.000,bestehende_Bundeszahlung,Bereits heute gesetzlich als Bundesbeitrag angelegt; Reform verlangt getrennten Ausweis statt pauschaler Vermengung.
2037,pflegezeiten,Pflegeversicherung,7.574,7.574,0.000,bestehende_Pflegeversicherungszahlung,Bereits heute Beitragszahlung der Pflegeversicherung; Reform verlangt getrennten Ausweis je Zahlungspflichtigem.
2037,ba_leistungsempfaenger,Bundesagentur fuer Arbeit,7.645,7.645,0.000,bestehende_BA_Beitraege,DRV-Rechnungsergebnis zeigt bereits Beitragszahlungen für BA-Leistungsempfänger.
2037,versorgungsdienststellen,Versorgungsdienststellen,1.813,1.813,0.000,bestehende_Erstattung,DRV-Rechnungsergebnis zeigt bereits Erstattungen von Versorgungsdienststellen.
2038,kindererziehungszeiten,Bund,26.395,26.395,0.000,bestehende_Bundeszahlung,Bereits heute gesetzlich als Bundesbeitrag angelegt; Reform verlangt getrennten Ausweis statt pauschaler Vermengung.
2038,pflegezeiten,Pflegeversicherung,7.764,7.764,0.000,bestehende_Pflegeversicherungszahlung,Bereits heute Beitragszahlung der Pflegeversicherung; Reform verlangt getrennten Ausweis je Zahlungspflichtigem.
2038,ba_leistungsempfaenger,Bundesagentur fuer Arbeit,7.836,7.836,0.000,bestehende_BA_Beitraege,DRV-Rechnungsergebnis zeigt bereits Beitragszahlungen für BA-Leistungsempfänger.
2038,versorgungsdienststellen,Versorgungsdienststellen,1.858,1.858,0.000,bestehende_Erstattung,DRV-Rechnungsergebnis zeigt bereits Erstattungen von Versorgungsdienststellen.
2039,kindererziehungszeiten,Bund,27.055,27.055,0.000,bestehende_Bundeszahlung,Bereits heute gesetzlich als Bundesbeitrag angelegt; Reform verlangt getrennten Ausweis statt pauschaler Vermengung.
2039,pflegezeiten,Pflegeversicherung,7.958,7.958,0.000,bestehende_Pflegeversicherungszahlung,Bereits heute Beitragszahlung der Pflegeversicherung; Reform verlangt getrennten Ausweis je Zahlungspflichtigem.
2039,ba_leistungsempfaenger,Bundesagentur fuer Arbeit,8.032,8.032,0.000,bestehende_BA_Beitraege,DRV-Rechnungsergebnis zeigt bereits Beitragszahlungen für BA-Leistungsempfänger.
2039,versorgungsdienststellen,Versorgungsdienststellen,1.904,1.904,0.000,bestehende_Erstattung,DRV-Rechnungsergebnis zeigt bereits Erstattungen von Versorgungsdienststellen.
2040,kindererziehungszeiten,Bund,27.731,27.731,0.000,bestehende_Bundeszahlung,Bereits heute gesetzlich als Bundesbeitrag angelegt; Reform verlangt getrennten Ausweis statt pauschaler Vermengung.
2040,pflegezeiten,Pflegeversicherung,8.157,8.157,0.000,bestehende_Pflegeversicherungszahlung,Bereits heute Beitragszahlung der Pflegeversicherung; Reform verlangt getrennten Ausweis je Zahlungspflichtigem.
2040,ba_leistungsempfaenger,Bundesagentur fuer Arbeit,8.232,8.232,0.000,bestehende_BA_Beitraege,DRV-Rechnungsergebnis zeigt bereits Beitragszahlungen für BA-Leistungsempfänger.
2040,versorgungsdienststellen,Versorgungsdienststellen,1.952,1.952,0.000,bestehende_Erstattung,DRV-Rechnungsergebnis zeigt bereits Erstattungen von Versorgungsdienststellen.
2041,kindererziehungszeiten,Bund,28.424,28.424,0.000,bestehende_Bundeszahlung,Bereits heute gesetzlich als Bundesbeitrag angelegt; Reform verlangt getrennten Ausweis statt pauschaler Vermengung.
2041,pflegezeiten,Pflegeversicherung,8.361,8.361,0.000,bestehende_Pflegeversicherungszahlung,Bereits heute Beitragszahlung der Pflegeversicherung; Reform verlangt getrennten Ausweis je Zahlungspflichtigem.
2041,ba_leistungsempfaenger,Bundesagentur fuer Arbeit,8.438,8.438,0.000,bestehende_BA_Beitraege,DRV-Rechnungsergebnis zeigt bereits Beitragszahlungen für BA-Leistungsempfänger.
2041,versorgungsdienststellen,Versorgungsdienststellen,2.001,2.001,0.000,bestehende_Erstattung,DRV-Rechnungsergebnis zeigt bereits Erstattungen von Versorgungsdienststellen.
2042,kindererziehungszeiten,Bund,29.135,29.135,0.000,bestehende_Bundeszahlung,Bereits heute gesetzlich als Bundesbeitrag angelegt; Reform verlangt getrennten Ausweis statt pauschaler Vermengung.
2042,pflegezeiten,Pflegeversicherung,8.570,8.570,0.000,bestehende_Pflegeversicherungszahlung,Bereits heute Beitragszahlung der Pflegeversicherung; Reform verlangt getrennten Ausweis je Zahlungspflichtigem.
2042,ba_leistungsempfaenger,Bundesagentur fuer Arbeit,8.649,8.649,0.000,bestehende_BA_Beitraege,DRV-Rechnungsergebnis zeigt bereits Beitragszahlungen für BA-Leistungsempfänger.
2042,versorgungsdienststellen,Versorgungsdienststellen,2.051,2.051,0.000,bestehende_Erstattung,DRV-Rechnungsergebnis zeigt bereits Erstattungen von Versorgungsdienststellen.
2043,kindererziehungszeiten,Bund,29.863,29.863,0.000,bestehende_Bundeszahlung,Bereits heute gesetzlich als Bundesbeitrag angelegt; Reform verlangt getrennten Ausweis statt pauschaler Vermengung.
2043,pflegezeiten,Pflegeversicherung,8.784,8.784,0.000,bestehende_Pflegeversicherungszahlung,Bereits heute Beitragszahlung der Pflegeversicherung; Reform verlangt getrennten Ausweis je Zahlungspflichtigem.
2043,ba_leistungsempfaenger,Bundesagentur fuer Arbeit,8.865,8.865,0.000,bestehende_BA_Beitraege,DRV-Rechnungsergebnis zeigt bereits Beitragszahlungen für BA-Leistungsempfänger.
2043,versorgungsdienststellen,Versorgungsdienststellen,2.102,2.102,0.000,bestehende_Erstattung,DRV-Rechnungsergebnis zeigt bereits Erstattungen von Versorgungsdienststellen.
2044,kindererziehungszeiten,Bund,30.610,30.610,0.000,bestehende_Bundeszahlung,Bereits heute gesetzlich als Bundesbeitrag angelegt; Reform verlangt getrennten Ausweis statt pauschaler Vermengung.
2044,pflegezeiten,Pflegeversicherung,9.004,9.004,0.000,bestehende_Pflegeversicherungszahlung,Bereits heute Beitragszahlung der Pflegeversicherung; Reform verlangt getrennten Ausweis je Zahlungspflichtigem.
2044,ba_leistungsempfaenger,Bundesagentur fuer Arbeit,9.087,9.087,0.000,bestehende_BA_Beitraege,DRV-Rechnungsergebnis zeigt bereits Beitragszahlungen für BA-Leistungsempfänger.
2044,versorgungsdienststellen,Versorgungsdienststellen,2.155,2.155,0.000,bestehende_Erstattung,DRV-Rechnungsergebnis zeigt bereits Erstattungen von Versorgungsdienststellen.
2045,kindererziehungszeiten,Bund,31.375,31.375,0.000,bestehende_Bundeszahlung,Bereits heute gesetzlich als Bundesbeitrag angelegt; Reform verlangt getrennten Ausweis statt pauschaler Vermengung.
2045,pflegezeiten,Pflegeversicherung,9.229,9.229,0.000,bestehende_Pflegeversicherungszahlung,Bereits heute Beitragszahlung der Pflegeversicherung; Reform verlangt getrennten Ausweis je Zahlungspflichtigem.
2045,ba_leistungsempfaenger,Bundesagentur fuer Arbeit,9.314,9.314,0.000,bestehende_BA_Beitraege,DRV-Rechnungsergebnis zeigt bereits Beitragszahlungen für BA-Leistungsempfänger.
2045,versorgungsdienststellen,Versorgungsdienststellen,2.209,2.209,0.000,bestehende_Erstattung,DRV-Rechnungsergebnis zeigt bereits Erstattungen von Versorgungsdienststellen.
2046,kindererziehungszeiten,Bund,32.160,32.160,0.000,bestehende_Bundeszahlung,Bereits heute gesetzlich als Bundesbeitrag angelegt; Reform verlangt getrennten Ausweis statt pauschaler Vermengung.
2046,pflegezeiten,Pflegeversicherung,9.459,9.459,0.000,bestehende_Pflegeversicherungszahlung,Bereits heute Beitragszahlung der Pflegeversicherung; Reform verlangt getrennten Ausweis je Zahlungspflichtigem.
2046,ba_leistungsempfaenger,Bundesagentur fuer Arbeit,9.547,9.547,0.000,bestehende_BA_Beitraege,DRV-Rechnungsergebnis zeigt bereits Beitragszahlungen für BA-Leistungsempfänger.
2046,versorgungsdienststellen,Versorgungsdienststellen,2.264,2.264,0.000,bestehende_Erstattung,DRV-Rechnungsergebnis zeigt bereits Erstattungen von Versorgungsdienststellen.
2047,kindererziehungszeiten,Bund,32.964,32.964,0.000,bestehende_Bundeszahlung,Bereits heute gesetzlich als Bundesbeitrag angelegt; Reform verlangt getrennten Ausweis statt pauschaler Vermengung.
2047,pflegezeiten,Pflegeversicherung,9.696,9.696,0.000,bestehende_Pflegeversicherungszahlung,Bereits heute Beitragszahlung der Pflegeversicherung; Reform verlangt getrennten Ausweis je Zahlungspflichtigem.
2047,ba_leistungsempfaenger,Bundesagentur fuer Arbeit,9.786,9.786,0.000,bestehende_BA_Beitraege,DRV-Rechnungsergebnis zeigt bereits Beitragszahlungen für BA-Leistungsempfänger.
2047,versorgungsdienststellen,Versorgungsdienststellen,2.320,2.320,0.000,bestehende_Erstattung,DRV-Rechnungsergebnis zeigt bereits Erstattungen von Versorgungsdienststellen.
2048,kindererziehungszeiten,Bund,33.788,33.788,0.000,bestehende_Bundeszahlung,Bereits heute gesetzlich als Bundesbeitrag angelegt; Reform verlangt getrennten Ausweis statt pauschaler Vermengung.
2048,pflegezeiten,Pflegeversicherung,9.938,9.938,0.000,bestehende_Pflegeversicherungszahlung,Bereits heute Beitragszahlung der Pflegeversicherung; Reform verlangt getrennten Ausweis je Zahlungspflichtigem.
2048,ba_leistungsempfaenger,Bundesagentur fuer Arbeit,10.030,10.030,0.000,bestehende_BA_Beitraege,DRV-Rechnungsergebnis zeigt bereits Beitragszahlungen für BA-Leistungsempfänger.
2048,versorgungsdienststellen,Versorgungsdienststellen,2.378,2.378,0.000,bestehende_Erstattung,DRV-Rechnungsergebnis zeigt bereits Erstattungen von Versorgungsdienststellen.
2049,kindererziehungszeiten,Bund,34.632,34.632,0.000,bestehende_Bundeszahlung,Bereits heute gesetzlich als Bundesbeitrag angelegt; Reform verlangt getrennten Ausweis statt pauschaler Vermengung.
2049,pflegezeiten,Pflegeversicherung,10.187,10.187,0.000,bestehende_Pflegeversicherungszahlung,Bereits heute Beitragszahlung der Pflegeversicherung; Reform verlangt getrennten Ausweis je Zahlungspflichtigem.
2049,ba_leistungsempfaenger,Bundesagentur fuer Arbeit,10.281,10.281,0.000,bestehende_BA_Beitraege,DRV-Rechnungsergebnis zeigt bereits Beitragszahlungen für BA-Leistungsempfänger.
2049,versorgungsdienststellen,Versorgungsdienststellen,2.438,2.438,0.000,bestehende_Erstattung,DRV-Rechnungsergebnis zeigt bereits Erstattungen von Versorgungsdienststellen.
2050,kindererziehungszeiten,Bund,35.498,35.498,0.000,bestehende_Bundeszahlung,Bereits heute gesetzlich als Bundesbeitrag angelegt; Reform verlangt getrennten Ausweis statt pauschaler Vermengung.
2050,pflegezeiten,Pflegeversicherung,10.441,10.441,0.000,bestehende_Pflegeversicherungszahlung,Bereits heute Beitragszahlung der Pflegeversicherung; Reform verlangt getrennten Ausweis je Zahlungspflichtigem.
2050,ba_leistungsempfaenger,Bundesagentur fuer Arbeit,10.538,10.538,0.000,bestehende_BA_Beitraege,DRV-Rechnungsergebnis zeigt bereits Beitragszahlungen für BA-Leistungsempfänger.
2050,versorgungsdienststellen,Versorgungsdienststellen,2.499,2.499,0.000,bestehende_Erstattung,DRV-Rechnungsergebnis zeigt bereits Erstattungen von Versorgungsdienststellen.
2051,kindererziehungszeiten,Bund,36.386,36.386,0.000,bestehende_Bundeszahlung,Bereits heute gesetzlich als Bundesbeitrag angelegt; Reform verlangt getrennten Ausweis statt pauschaler Vermengung.
2051,pflegezeiten,Pflegeversicherung,10.702,10.702,0.000,bestehende_Pflegeversicherungszahlung,Bereits heute Beitragszahlung der Pflegeversicherung; Reform verlangt getrennten Ausweis je Zahlungspflichtigem.
2051,ba_leistungsempfaenger,Bundesagentur fuer Arbeit,10.802,10.802,0.000,bestehende_BA_Beitraege,DRV-Rechnungsergebnis zeigt bereits Beitragszahlungen für BA-Leistungsempfänger.
2051,versorgungsdienststellen,Versorgungsdienststellen,2.561,2.561,0.000,bestehende_Erstattung,DRV-Rechnungsergebnis zeigt bereits Erstattungen von Versorgungsdienststellen.
2052,kindererziehungszeiten,Bund,37.295,37.295,0.000,bestehende_Bundeszahlung,Bereits heute gesetzlich als Bundesbeitrag angelegt; Reform verlangt getrennten Ausweis statt pauschaler Vermengung.
2052,pflegezeiten,Pflegeversicherung,10.970,10.970,0.000,bestehende_Pflegeversicherungszahlung,Bereits heute Beitragszahlung der Pflegeversicherung; Reform verlangt getrennten Ausweis je Zahlungspflichtigem.
2052,ba_leistungsempfaenger,Bundesagentur fuer Arbeit,11.072,11.072,0.000,bestehende_BA_Beitraege,DRV-Rechnungsergebnis zeigt bereits Beitragszahlungen für BA-Leistungsempfänger.
2052,versorgungsdienststellen,Versorgungsdienststellen,2.625,2.625,0.000,bestehende_Erstattung,DRV-Rechnungsergebnis zeigt bereits Erstattungen von Versorgungsdienststellen.
2053,kindererziehungszeiten,Bund,38.228,38.228,0.000,bestehende_Bundeszahlung,Bereits heute gesetzlich als Bundesbeitrag angelegt; Reform verlangt getrennten Ausweis statt pauschaler Vermengung.
2053,pflegezeiten,Pflegeversicherung,11.244,11.244,0.000,bestehende_Pflegeversicherungszahlung,Bereits heute Beitragszahlung der Pflegeversicherung; Reform verlangt getrennten Ausweis je Zahlungspflichtigem.
2053,ba_leistungsempfaenger,Bundesagentur fuer Arbeit,11.349,11.349,0.000,bestehende_BA_Beitraege,DRV-Rechnungsergebnis zeigt bereits Beitragszahlungen für BA-Leistungsempfänger.
2053,versorgungsdienststellen,Versorgungsdienststellen,2.691,2.691,0.000,bestehende_Erstattung,DRV-Rechnungsergebnis zeigt bereits Erstattungen von Versorgungsdienststellen.
2054,kindererziehungszeiten,Bund,39.183,39.183,0.000,bestehende_Bundeszahlung,Bereits heute gesetzlich als Bundesbeitrag angelegt; Reform verlangt getrennten Ausweis statt pauschaler Vermengung.
2054,pflegezeiten,Pflegeversicherung,11.525,11.525,0.000,bestehende_Pflegeversicherungszahlung,Bereits heute Beitragszahlung der Pflegeversicherung; Reform verlangt getrennten Ausweis je Zahlungspflichtigem.
2054,ba_leistungsempfaenger,Bundesagentur fuer Arbeit,11.632,11.632,0.000,bestehende_BA_Beitraege,DRV-Rechnungsergebnis zeigt bereits Beitragszahlungen für BA-Leistungsempfänger.
2054,versorgungsdienststellen,Versorgungsdienststellen,2.758,2.758,0.000,bestehende_Erstattung,DRV-Rechnungsergebnis zeigt bereits Erstattungen von Versorgungsdienststellen.
2055,kindererziehungszeiten,Bund,40.163,40.163,0.000,bestehende_Bundeszahlung,Bereits heute gesetzlich als Bundesbeitrag angelegt; Reform verlangt getrennten Ausweis statt pauschaler Vermengung.
2055,pflegezeiten,Pflegeversicherung,11.813,11.813,0.000,bestehende_Pflegeversicherungszahlung,Bereits heute Beitragszahlung der Pflegeversicherung; Reform verlangt getrennten Ausweis je Zahlungspflichtigem.
2055,ba_leistungsempfaenger,Bundesagentur fuer Arbeit,11.923,11.923,0.000,bestehende_BA_Beitraege,DRV-Rechnungsergebnis zeigt bereits Beitragszahlungen für BA-Leistungsempfänger.
2055,versorgungsdienststellen,Versorgungsdienststellen,2.827,2.827,0.000,bestehende_Erstattung,DRV-Rechnungsergebnis zeigt bereits Erstattungen von Versorgungsdienststellen.
2056,kindererziehungszeiten,Bund,41.167,41.167,0.000,bestehende_Bundeszahlung,Bereits heute gesetzlich als Bundesbeitrag angelegt; Reform verlangt getrennten Ausweis statt pauschaler Vermengung.
2056,pflegezeiten,Pflegeversicherung,12.109,12.109,0.000,bestehende_Pflegeversicherungszahlung,Bereits heute Beitragszahlung der Pflegeversicherung; Reform verlangt getrennten Ausweis je Zahlungspflichtigem.
2056,ba_leistungsempfaenger,Bundesagentur fuer Arbeit,12.221,12.221,0.000,bestehende_BA_Beitraege,DRV-Rechnungsergebnis zeigt bereits Beitragszahlungen für BA-Leistungsempfänger.
2056,versorgungsdienststellen,Versorgungsdienststellen,2.898,2.898,0.000,bestehende_Erstattung,DRV-Rechnungsergebnis zeigt bereits Erstattungen von Versorgungsdienststellen.
2057,kindererziehungszeiten,Bund,42.196,42.196,0.000,bestehende_Bundeszahlung,Bereits heute gesetzlich als Bundesbeitrag angelegt; Reform verlangt getrennten Ausweis statt pauschaler Vermengung.
2057,pflegezeiten,Pflegeversicherung,12.412,12.412,0.000,bestehende_Pflegeversicherungszahlung,Bereits heute Beitragszahlung der Pflegeversicherung; Reform verlangt getrennten Ausweis je Zahlungspflichtigem.
2057,ba_leistungsempfaenger,Bundesagentur fuer Arbeit,12.527,12.527,0.000,bestehende_BA_Beitraege,DRV-Rechnungsergebnis zeigt bereits Beitragszahlungen für BA-Leistungsempfänger.
2057,versorgungsdienststellen,Versorgungsdienststellen,2.970,2.970,0.000,bestehende_Erstattung,DRV-Rechnungsergebnis zeigt bereits Erstattungen von Versorgungsdienststellen.
2058,kindererziehungszeiten,Bund,43.251,43.251,0.000,bestehende_Bundeszahlung,Bereits heute gesetzlich als Bundesbeitrag angelegt; Reform verlangt getrennten Ausweis statt pauschaler Vermengung.
2058,pflegezeiten,Pflegeversicherung,12.722,12.722,0.000,bestehende_Pflegeversicherungszahlung,Bereits heute Beitragszahlung der Pflegeversicherung; Reform verlangt getrennten Ausweis je Zahlungspflichtigem.
2058,ba_leistungsempfaenger,Bundesagentur fuer Arbeit,12.840,12.840,0.000,bestehende_BA_Beitraege,DRV-Rechnungsergebnis zeigt bereits Beitragszahlungen für BA-Leistungsempfänger.
2058,versorgungsdienststellen,Versorgungsdienststellen,3.044,3.044,0.000,bestehende_Erstattung,DRV-Rechnungsergebnis zeigt bereits Erstattungen von Versorgungsdienststellen.
2059,kindererziehungszeiten,Bund,44.332,44.332,0.000,bestehende_Bundeszahlung,Bereits heute gesetzlich als Bundesbeitrag angelegt; Reform verlangt getrennten Ausweis statt pauschaler Vermengung.
2059,pflegezeiten,Pflegeversicherung,13.040,13.040,0.000,bestehende_Pflegeversicherungszahlung,Bereits heute Beitragszahlung der Pflegeversicherung; Reform verlangt getrennten Ausweis je Zahlungspflichtigem.
2059,ba_leistungsempfaenger,Bundesagentur fuer Arbeit,13.161,13.161,0.000,bestehende_BA_Beitraege,DRV-Rechnungsergebnis zeigt bereits Beitragszahlungen für BA-Leistungsempfänger.
2059,versorgungsdienststellen,Versorgungsdienststellen,3.121,3.121,0.000,bestehende_Erstattung,DRV-Rechnungsergebnis zeigt bereits Erstattungen von Versorgungsdienststellen.
2060,kindererziehungszeiten,Bund,45.441,45.441,0.000,bestehende_Bundeszahlung,Bereits heute gesetzlich als Bundesbeitrag angelegt; Reform verlangt getrennten Ausweis statt pauschaler Vermengung.
2060,pflegezeiten,Pflegeversicherung,13.366,13.366,0.000,bestehende_Pflegeversicherungszahlung,Bereits heute Beitragszahlung der Pflegeversicherung; Reform verlangt getrennten Ausweis je Zahlungspflichtigem.
2060,ba_leistungsempfaenger,Bundesagentur fuer Arbeit,13.490,13.490,0.000,bestehende_BA_Beitraege,DRV-Rechnungsergebnis zeigt bereits Beitragszahlungen für BA-Leistungsempfänger.
2060,versorgungsdienststellen,Versorgungsdienststellen,3.199,3.199,0.000,bestehende_Erstattung,DRV-Rechnungsergebnis zeigt bereits Erstattungen von Versorgungsdienststellen.
2061,kindererziehungszeiten,Bund,46.577,46.577,0.000,bestehende_Bundeszahlung,Bereits heute gesetzlich als Bundesbeitrag angelegt; Reform verlangt getrennten Ausweis statt pauschaler Vermengung.
2061,pflegezeiten,Pflegeversicherung,13.700,13.700,0.000,bestehende_Pflegeversicherungszahlung,Bereits heute Beitragszahlung der Pflegeversicherung; Reform verlangt getrennten Ausweis je Zahlungspflichtigem.
2061,ba_leistungsempfaenger,Bundesagentur fuer Arbeit,13.827,13.827,0.000,bestehende_BA_Beitraege,DRV-Rechnungsergebnis zeigt bereits Beitragszahlungen für BA-Leistungsempfänger.
2061,versorgungsdienststellen,Versorgungsdienststellen,3.279,3.279,0.000,bestehende_Erstattung,DRV-Rechnungsergebnis zeigt bereits Erstattungen von Versorgungsdienststellen.
2062,kindererziehungszeiten,Bund,47.741,47.741,0.000,bestehende_Bundeszahlung,Bereits heute gesetzlich als Bundesbeitrag angelegt; Reform verlangt getrennten Ausweis statt pauschaler Vermengung.
2062,pflegezeiten,Pflegeversicherung,14.043,14.043,0.000,bestehende_Pflegeversicherungszahlung,Bereits heute Beitragszahlung der Pflegeversicherung; Reform verlangt getrennten Ausweis je Zahlungspflichtigem.
2062,ba_leistungsempfaenger,Bundesagentur fuer Arbeit,14.173,14.173,0.000,bestehende_BA_Beitraege,DRV-Rechnungsergebnis zeigt bereits Beitragszahlungen für BA-Leistungsempfänger.
2062,versorgungsdienststellen,Versorgungsdienststellen,3.361,3.361,0.000,bestehende_Erstattung,DRV-Rechnungsergebnis zeigt bereits Erstattungen von Versorgungsdienststellen.
2063,kindererziehungszeiten,Bund,48.935,48.935,0.000,bestehende_Bundeszahlung,Bereits heute gesetzlich als Bundesbeitrag angelegt; Reform verlangt getrennten Ausweis statt pauschaler Vermengung.
2063,pflegezeiten,Pflegeversicherung,14.394,14.394,0.000,bestehende_Pflegeversicherungszahlung,Bereits heute Beitragszahlung der Pflegeversicherung; Reform verlangt getrennten Ausweis je Zahlungspflichtigem.
2063,ba_leistungsempfaenger,Bundesagentur fuer Arbeit,14.527,14.527,0.000,bestehende_BA_Beitraege,DRV-Rechnungsergebnis zeigt bereits Beitragszahlungen für BA-Leistungsempfänger.
2063,versorgungsdienststellen,Versorgungsdienststellen,3.445,3.445,0.000,bestehende_Erstattung,DRV-Rechnungsergebnis zeigt bereits Erstattungen von Versorgungsdienststellen.
2064,kindererziehungszeiten,Bund,50.158,50.158,0.000,bestehende_Bundeszahlung,Bereits heute gesetzlich als Bundesbeitrag angelegt; Reform verlangt getrennten Ausweis statt pauschaler Vermengung.
2064,pflegezeiten,Pflegeversicherung,14.753,14.753,0.000,bestehende_Pflegeversicherungszahlung,Bereits heute Beitragszahlung der Pflegeversicherung; Reform verlangt getrennten Ausweis je Zahlungspflichtigem.
2064,ba_leistungsempfaenger,Bundesagentur fuer Arbeit,14.890,14.890,0.000,bestehende_BA_Beitraege,DRV-Rechnungsergebnis zeigt bereits Beitragszahlungen für BA-Leistungsempfänger.
2064,versorgungsdienststellen,Versorgungsdienststellen,3.531,3.531,0.000,bestehende_Erstattung,DRV-Rechnungsergebnis zeigt bereits Erstattungen von Versorgungsdienststellen.
2065,kindererziehungszeiten,Bund,51.412,51.412,0.000,bestehende_Bundeszahlung,Bereits heute gesetzlich als Bundesbeitrag angelegt; Reform verlangt getrennten Ausweis statt pauschaler Vermengung.
2065,pflegezeiten,Pflegeversicherung,15.122,15.122,0.000,bestehende_Pflegeversicherungszahlung,Bereits heute Beitragszahlung der Pflegeversicherung; Reform verlangt getrennten Ausweis je Zahlungspflichtigem.
2065,ba_leistungsempfaenger,Bundesagentur fuer Arbeit,15.263,15.263,0.000,bestehende_BA_Beitraege,DRV-Rechnungsergebnis zeigt bereits Beitragszahlungen für BA-Leistungsempfänger.
2065,versorgungsdienststellen,Versorgungsdienststellen,3.619,3.619,0.000,bestehende_Erstattung,DRV-Rechnungsergebnis zeigt bereits Erstattungen von Versorgungsdienststellen.
2066,kindererziehungszeiten,Bund,52.697,52.697,0.000,bestehende_Bundeszahlung,Bereits heute gesetzlich als Bundesbeitrag angelegt; Reform verlangt getrennten Ausweis statt pauschaler Vermengung.
2066,pflegezeiten,Pflegeversicherung,15.500,15.500,0.000,bestehende_Pflegeversicherungszahlung,Bereits heute Beitragszahlung der Pflegeversicherung; Reform verlangt getrennten Ausweis je Zahlungspflichtigem.
2066,ba_leistungsempfaenger,Bundesagentur fuer Arbeit,15.644,15.644,0.000,bestehende_BA_Beitraege,DRV-Rechnungsergebnis zeigt bereits Beitragszahlungen für BA-Leistungsempfänger.
2066,versorgungsdienststellen,Versorgungsdienststellen,3.709,3.709,0.000,bestehende_Erstattung,DRV-Rechnungsergebnis zeigt bereits Erstattungen von Versorgungsdienststellen.
2067,kindererziehungszeiten,Bund,54.015,54.015,0.000,bestehende_Bundeszahlung,Bereits heute gesetzlich als Bundesbeitrag angelegt; Reform verlangt getrennten Ausweis statt pauschaler Vermengung.
2067,pflegezeiten,Pflegeversicherung,15.888,15.888,0.000,bestehende_Pflegeversicherungszahlung,Bereits heute Beitragszahlung der Pflegeversicherung; Reform verlangt getrennten Ausweis je Zahlungspflichtigem.
2067,ba_leistungsempfaenger,Bundesagentur fuer Arbeit,16.035,16.035,0.000,bestehende_BA_Beitraege,DRV-Rechnungsergebnis zeigt bereits Beitragszahlungen für BA-Leistungsempfänger.
2067,versorgungsdienststellen,Versorgungsdienststellen,3.802,3.802,0.000,bestehende_Erstattung,DRV-Rechnungsergebnis zeigt bereits Erstattungen von Versorgungsdienststellen.
2068,kindererziehungszeiten,Bund,55.365,55.365,0.000,bestehende_Bundeszahlung,Bereits heute gesetzlich als Bundesbeitrag angelegt; Reform verlangt getrennten Ausweis statt pauschaler Vermengung.
2068,pflegezeiten,Pflegeversicherung,16.285,16.285,0.000,bestehende_Pflegeversicherungszahlung,Bereits heute Beitragszahlung der Pflegeversicherung; Reform verlangt getrennten Ausweis je Zahlungspflichtigem.
2068,ba_leistungsempfaenger,Bundesagentur fuer Arbeit,16.436,16.436,0.000,bestehende_BA_Beitraege,DRV-Rechnungsergebnis zeigt bereits Beitragszahlungen für BA-Leistungsempfänger.
2068,versorgungsdienststellen,Versorgungsdienststellen,3.897,3.897,0.000,bestehende_Erstattung,DRV-Rechnungsergebnis zeigt bereits Erstattungen von Versorgungsdienststellen.
2069,kindererziehungszeiten,Bund,56.749,56.749,0.000,bestehende_Bundeszahlung,Bereits heute gesetzlich als Bundesbeitrag angelegt; Reform verlangt getrennten Ausweis statt pauschaler Vermengung.
2069,pflegezeiten,Pflegeversicherung,16.692,16.692,0.000,bestehende_Pflegeversicherungszahlung,Bereits heute Beitragszahlung der Pflegeversicherung; Reform verlangt getrennten Ausweis je Zahlungspflichtigem.
2069,ba_leistungsempfaenger,Bundesagentur fuer Arbeit,16.847,16.847,0.000,bestehende_BA_Beitraege,DRV-Rechnungsergebnis zeigt bereits Beitragszahlungen für BA-Leistungsempfänger.
2069,versorgungsdienststellen,Versorgungsdienststellen,3.995,3.995,0.000,bestehende_Erstattung,DRV-Rechnungsergebnis zeigt bereits Erstattungen von Versorgungsdienststellen.
2070,kindererziehungszeiten,Bund,58.168,58.168,0.000,bestehende_Bundeszahlung,Bereits heute gesetzlich als Bundesbeitrag angelegt; Reform verlangt getrennten Ausweis statt pauschaler Vermengung.
2070,pflegezeiten,Pflegeversicherung,17.109,17.109,0.000,bestehende_Pflegeversicherungszahlung,Bereits heute Beitragszahlung der Pflegeversicherung; Reform verlangt getrennten Ausweis je Zahlungspflichtigem.
2070,ba_leistungsempfaenger,Bundesagentur fuer Arbeit,17.268,17.268,0.000,bestehende_BA_Beitraege,DRV-Rechnungsergebnis zeigt bereits Beitragszahlungen für BA-Leistungsempfänger.
2070,versorgungsdienststellen,Versorgungsdienststellen,4.094,4.094,0.000,bestehende_Erstattung,DRV-Rechnungsergebnis zeigt bereits Erstattungen von Versorgungsdienststellen.
