jahr,demographie_szenario,rentenalter_szenario,regelaltersgrenze,verschobene_kohorten_mio,personen_20_66_adj_mio,personen_ab_rentenalter_adj_mio,ausgaben_adj_mrd_euro,beitragsbasis_reform_adj_mrd_euro,bestandsschutz_zuschuss_mrd_euro,sonstige_einnahmen_mrd_euro,erforderlicher_beitragssatz,notiz
2027,jung,status_quo_67,67.000,0.000,50.445,17.668,431.952,1789.493,99.104,3.356,0.184126,"Screeningmodell: spaeteres Rentenalter verschiebt pauschal 0,95 Mio. Personen je Altersjahr von Renten- auf Beitragsseite."
2027,jung,finnland_ratio_light,67.000,0.000,50.445,17.668,431.952,1789.493,99.104,3.356,0.184126,"Screeningmodell: spaeteres Rentenalter verschiebt pauschal 0,95 Mio. Personen je Altersjahr von Renten- auf Beitragsseite."
2027,jung,daenemark_2040,67.000,0.000,50.445,17.668,431.952,1789.493,99.104,3.356,0.184126,"Screeningmodell: spaeteres Rentenalter verschiebt pauschal 0,95 Mio. Personen je Altersjahr von Renten- auf Beitragsseite."
2028,jung,status_quo_67,67.000,0.000,50.193,17.926,450.516,1825.074,103.363,3.440,0.188328,"Screeningmodell: spaeteres Rentenalter verschiebt pauschal 0,95 Mio. Personen je Altersjahr von Renten- auf Beitragsseite."
2028,jung,finnland_ratio_light,67.125,0.119,50.311,17.807,447.531,1829.392,103.363,3.440,0.186252,"Screeningmodell: spaeteres Rentenalter verschiebt pauschal 0,95 Mio. Personen je Altersjahr von Renten- auf Beitragsseite."
2028,jung,daenemark_2040,67.333,0.317,50.509,17.609,442.557,1836.588,103.363,3.440,0.182814,"Screeningmodell: spaeteres Rentenalter verschiebt pauschal 0,95 Mio. Personen je Altersjahr von Renten- auf Beitragsseite."
2029,jung,status_quo_67,67.000,0.000,49.941,18.183,469.781,1861.315,107.783,3.526,0.192591,"Screeningmodell: spaeteres Rentenalter verschiebt pauschal 0,95 Mio. Personen je Altersjahr von Renten- auf Beitragsseite."
2029,jung,finnland_ratio_light,67.250,0.238,50.178,17.946,463.645,1870.166,107.783,3.526,0.188398,"Screeningmodell: spaeteres Rentenalter verschiebt pauschal 0,95 Mio. Personen je Altersjahr von Renten- auf Beitragsseite."
2029,jung,daenemark_2040,67.667,0.633,50.574,17.550,453.419,1884.919,107.783,3.526,0.181498,"Screeningmodell: spaeteres Rentenalter verschiebt pauschal 0,95 Mio. Personen je Altersjahr von Renten- auf Beitragsseite."
2030,jung,status_quo_67,67.000,0.000,49.689,18.441,489.772,1917.438,97.858,3.614,0.202510,"Screeningmodell: spaeteres Rentenalter verschiebt pauschal 0,95 Mio. Personen je Altersjahr von Renten- auf Beitragsseite."
2030,jung,finnland_ratio_light,67.375,0.356,50.045,18.084,480.311,1931.185,97.858,3.614,0.196169,"Screeningmodell: spaeteres Rentenalter verschiebt pauschal 0,95 Mio. Personen je Altersjahr von Renten- auf Beitragsseite."
2030,jung,daenemark_2040,68.000,0.950,50.639,17.491,464.541,1954.097,97.858,3.614,0.185799,"Screeningmodell: spaeteres Rentenalter verschiebt pauschal 0,95 Mio. Personen je Altersjahr von Renten- auf Beitragsseite."
2031,jung,status_quo_67,67.000,0.000,49.437,18.698,510.515,1975.004,93.199,3.704,0.209423,"Screeningmodell: spaeteres Rentenalter verschiebt pauschal 0,95 Mio. Personen je Altersjahr von Renten- auf Beitragsseite."
2031,jung,finnland_ratio_light,67.500,0.475,49.912,18.223,497.546,1993.980,93.199,3.704,0.200926,"Screeningmodell: spaeteres Rentenalter verschiebt pauschal 0,95 Mio. Personen je Altersjahr von Renten- auf Beitragsseite."
2031,jung,daenemark_2040,68.200,1.140,50.577,17.558,479.389,2020.547,93.199,3.704,0.189298,"Screeningmodell: spaeteres Rentenalter verschiebt pauschal 0,95 Mio. Personen je Altersjahr von Renten- auf Beitragsseite."
2032,jung,status_quo_67,67.000,0.000,49.185,18.955,532.034,2034.046,88.574,3.797,0.216152,"Screeningmodell: spaeteres Rentenalter verschiebt pauschal 0,95 Mio. Personen je Altersjahr von Renten- auf Beitragsseite."
2032,jung,finnland_ratio_light,67.625,0.594,49.779,18.362,515.369,2058.600,88.574,3.797,0.205479,"Screeningmodell: spaeteres Rentenalter verschiebt pauschal 0,95 Mio. Personen je Altersjahr von Renten- auf Beitragsseite."
2032,jung,daenemark_2040,68.400,1.330,50.515,17.625,494.704,2089.047,88.574,3.797,0.192592,"Screeningmodell: spaeteres Rentenalter verschiebt pauschal 0,95 Mio. Personen je Altersjahr von Renten- auf Beitragsseite."
2033,jung,status_quo_67,67.000,0.000,48.934,19.213,554.359,2094.595,83.992,3.892,0.222704,"Screeningmodell: spaeteres Rentenalter verschiebt pauschal 0,95 Mio. Personen je Altersjahr von Renten- auf Beitragsseite."
2033,jung,finnland_ratio_light,67.750,0.713,49.646,18.500,533.801,2125.094,83.992,3.892,0.209834,"Screeningmodell: spaeteres Rentenalter verschiebt pauschal 0,95 Mio. Personen je Altersjahr von Renten- auf Beitragsseite."
2033,jung,daenemark_2040,68.600,1.520,50.454,17.693,510.502,2159.659,83.992,3.892,0.195687,"Screeningmodell: spaeteres Rentenalter verschiebt pauschal 0,95 Mio. Personen je Altersjahr von Renten- auf Beitragsseite."
2034,jung,status_quo_67,67.000,0.000,48.682,19.470,577.517,2156.686,79.464,3.989,0.229085,"Screeningmodell: spaeteres Rentenalter verschiebt pauschal 0,95 Mio. Personen je Altersjahr von Renten- auf Beitragsseite."
2034,jung,finnland_ratio_light,67.875,0.831,49.513,18.639,552.861,2193.512,79.464,3.989,0.213998,"Screeningmodell: spaeteres Rentenalter verschiebt pauschal 0,95 Mio. Personen je Altersjahr von Renten- auf Beitragsseite."
2034,jung,daenemark_2040,68.800,1.710,50.392,17.760,526.796,2232.442,79.464,3.989,0.198591,"Screeningmodell: spaeteres Rentenalter verschiebt pauschal 0,95 Mio. Personen je Altersjahr von Renten- auf Beitragsseite."
2035,jung,status_quo_67,67.000,0.000,48.430,19.728,601.537,2220.352,75.003,4.089,0.235298,"Screeningmodell: spaeteres Rentenalter verschiebt pauschal 0,95 Mio. Personen je Altersjahr von Renten- auf Beitragsseite."
2035,jung,finnland_ratio_light,68.000,0.950,49.380,18.778,572.570,2263.906,75.003,4.089,0.217976,"Screeningmodell: spaeteres Rentenalter verschiebt pauschal 0,95 Mio. Personen je Altersjahr von Renten- auf Beitragsseite."
2035,jung,daenemark_2040,69.000,1.900,50.330,17.828,543.602,2307.461,75.003,4.089,0.201308,"Screeningmodell: spaeteres Rentenalter verschiebt pauschal 0,95 Mio. Personen je Altersjahr von Renten- auf Beitragsseite."
2036,jung,status_quo_67,67.000,0.000,48.178,19.985,626.449,2266.001,70.625,4.191,0.243439,"Screeningmodell: spaeteres Rentenalter verschiebt pauschal 0,95 Mio. Personen je Altersjahr von Renten- auf Beitragsseite."
2036,jung,finnland_ratio_light,68.100,1.045,49.223,18.940,593.693,2315.152,70.625,4.191,0.224123,"Screeningmodell: spaeteres Rentenalter verschiebt pauschal 0,95 Mio. Personen je Altersjahr von Renten- auf Beitragsseite."
2036,jung,daenemark_2040,69.200,2.090,50.268,17.895,560.937,2364.302,70.625,4.191,0.205609,"Screeningmodell: spaeteres Rentenalter verschiebt pauschal 0,95 Mio. Personen je Altersjahr von Renten- auf Beitragsseite."
2037,jung,status_quo_67,67.000,0.000,47.926,20.243,652.285,2312.524,66.341,4.296,0.251521,"Screeningmodell: spaeteres Rentenalter verschiebt pauschal 0,95 Mio. Personen je Altersjahr von Renten- auf Beitragsseite."
2037,jung,finnland_ratio_light,68.200,1.140,49.066,19.103,615.550,2367.531,66.341,4.296,0.230161,"Screeningmodell: spaeteres Rentenalter verschiebt pauschal 0,95 Mio. Personen je Altersjahr von Renten- auf Beitragsseite."
2037,jung,daenemark_2040,69.400,2.280,50.206,17.963,578.816,2422.538,66.341,4.296,0.209771,"Screeningmodell: spaeteres Rentenalter verschiebt pauschal 0,95 Mio. Personen je Altersjahr von Renten- auf Beitragsseite."
2038,jung,status_quo_67,67.000,0.000,47.674,20.500,679.077,2359.935,62.165,4.403,0.259545,"Screeningmodell: spaeteres Rentenalter verschiebt pauschal 0,95 Mio. Personen je Altersjahr von Renten- auf Beitragsseite."
2038,jung,finnland_ratio_light,68.300,1.235,48.909,19.265,638.166,2421.069,62.165,4.403,0.236093,"Screeningmodell: spaeteres Rentenalter verschiebt pauschal 0,95 Mio. Personen je Altersjahr von Renten- auf Beitragsseite."
2038,jung,daenemark_2040,69.600,2.470,50.144,18.030,597.256,2482.202,62.165,4.403,0.213797,"Screeningmodell: spaeteres Rentenalter verschiebt pauschal 0,95 Mio. Personen je Altersjahr von Renten- auf Beitragsseite."
2039,jung,status_quo_67,67.000,0.000,47.600,20.488,697.665,2417.269,58.108,4.513,0.262711,"Screeningmodell: spaeteres Rentenalter verschiebt pauschal 0,95 Mio. Personen je Altersjahr von Renten- auf Beitragsseite."
2039,jung,finnland_ratio_light,68.400,1.330,48.930,19.158,652.374,2484.810,58.108,4.513,0.237343,"Screeningmodell: spaeteres Rentenalter verschiebt pauschal 0,95 Mio. Personen je Altersjahr von Renten- auf Beitragsseite."
2039,jung,daenemark_2040,69.800,2.660,50.260,17.828,607.083,2552.351,58.108,4.513,0.213318,"Screeningmodell: spaeteres Rentenalter verschiebt pauschal 0,95 Mio. Personen je Altersjahr von Renten- auf Beitragsseite."
2040,jung,status_quo_67,67.000,0.000,47.526,20.475,713.276,2475.988,54.176,4.626,0.264329,"Screeningmodell: spaeteres Rentenalter verschiebt pauschal 0,95 Mio. Personen je Altersjahr von Renten- auf Beitragsseite."
2040,jung,finnland_ratio_light,68.500,1.425,48.951,19.050,663.634,2550.227,54.176,4.626,0.237168,"Screeningmodell: spaeteres Rentenalter verschiebt pauschal 0,95 Mio. Personen je Altersjahr von Renten- auf Beitragsseite."
2040,jung,daenemark_2040,70.000,2.850,50.376,17.625,613.992,2624.466,54.176,4.626,0.211544,"Screeningmodell: spaeteres Rentenalter verschiebt pauschal 0,95 Mio. Personen je Altersjahr von Renten- auf Beitragsseite."
2041,jung,status_quo_67,67.000,0.000,47.452,20.463,729.236,2536.126,50.374,4.742,0.265807,"Screeningmodell: spaeteres Rentenalter verschiebt pauschal 0,95 Mio. Personen je Altersjahr von Renten- auf Beitragsseite."
2041,jung,finnland_ratio_light,68.600,1.520,48.972,18.943,675.066,2617.364,50.374,4.742,0.236861,"Screeningmodell: spaeteres Rentenalter verschiebt pauschal 0,95 Mio. Personen je Altersjahr von Renten- auf Beitragsseite."
2041,jung,daenemark_2040,70.067,2.913,50.365,17.549,625.411,2691.833,50.374,4.742,0.211862,"Screeningmodell: spaeteres Rentenalter verschiebt pauschal 0,95 Mio. Personen je Altersjahr von Renten- auf Beitragsseite."
2042,jung,status_quo_67,67.000,0.000,47.378,20.450,745.552,2597.716,46.704,4.860,0.267153,"Screeningmodell: spaeteres Rentenalter verschiebt pauschal 0,95 Mio. Personen je Altersjahr von Renten- auf Beitragsseite."
2042,jung,finnland_ratio_light,68.700,1.615,48.993,18.835,686.674,2686.266,46.704,4.860,0.236429,"Screeningmodell: spaeteres Rentenalter verschiebt pauschal 0,95 Mio. Personen je Altersjahr von Renten- auf Beitragsseite."
2042,jung,daenemark_2040,70.133,2.977,50.354,17.473,637.031,2760.926,46.704,4.860,0.212055,"Screeningmodell: spaeteres Rentenalter verschiebt pauschal 0,95 Mio. Personen je Altersjahr von Renten- auf Beitragsseite."
2043,jung,status_quo_67,67.000,0.000,47.303,20.438,762.234,2660.793,43.166,4.982,0.268374,"Screeningmodell: spaeteres Rentenalter verschiebt pauschal 0,95 Mio. Personen je Altersjahr von Renten- auf Beitragsseite."
2043,jung,finnland_ratio_light,68.800,1.710,49.013,18.728,698.458,2756.979,43.166,4.982,0.235878,"Screeningmodell: spaeteres Rentenalter verschiebt pauschal 0,95 Mio. Personen je Altersjahr von Renten- auf Beitragsseite."
2043,jung,daenemark_2040,70.200,3.040,50.343,17.398,648.855,2831.791,43.166,4.982,0.212130,"Screeningmodell: spaeteres Rentenalter verschiebt pauschal 0,95 Mio. Personen je Altersjahr von Renten- auf Beitragsseite."
2044,jung,status_quo_67,67.000,0.000,47.229,20.425,779.288,2725.393,39.759,5.106,0.269474,"Screeningmodell: spaeteres Rentenalter verschiebt pauschal 0,95 Mio. Personen je Altersjahr von Renten- auf Beitragsseite."
2044,jung,finnland_ratio_light,68.900,1.805,49.034,18.620,710.421,2829.551,39.759,5.106,0.235216,"Screeningmodell: spaeteres Rentenalter verschiebt pauschal 0,95 Mio. Personen je Altersjahr von Renten- auf Beitragsseite."
2044,jung,daenemark_2040,70.267,3.103,50.333,17.322,660.885,2904.472,39.759,5.106,0.212093,"Screeningmodell: spaeteres Rentenalter verschiebt pauschal 0,95 Mio. Personen je Altersjahr von Renten- auf Beitragsseite."
2045,jung,status_quo_67,67.000,0.000,47.155,20.413,796.724,2791.552,36.483,5.234,0.270462,"Screeningmodell: spaeteres Rentenalter verschiebt pauschal 0,95 Mio. Personen je Altersjahr von Renten- auf Beitragsseite."
2045,jung,finnland_ratio_light,69.000,1.900,49.055,18.513,722.565,2904.031,36.483,5.234,0.234449,"Screeningmodell: spaeteres Rentenalter verschiebt pauschal 0,95 Mio. Personen je Altersjahr von Renten- auf Beitragsseite."
2045,jung,daenemark_2040,70.333,3.167,50.322,17.246,673.125,2979.017,36.483,5.234,0.211952,"Screeningmodell: spaeteres Rentenalter verschiebt pauschal 0,95 Mio. Personen je Altersjahr von Renten- auf Beitragsseite."
2046,jung,status_quo_67,67.000,0.000,47.081,20.400,814.550,2858.946,33.337,5.365,0.271376,"Screeningmodell: spaeteres Rentenalter verschiebt pauschal 0,95 Mio. Personen je Altersjahr von Renten- auf Beitragsseite."
2046,jung,finnland_ratio_light,69.100,1.995,49.076,18.405,734.892,2980.091,33.337,5.365,0.233614,"Screeningmodell: spaeteres Rentenalter verschiebt pauschal 0,95 Mio. Personen je Altersjahr von Renten- auf Beitragsseite."
2046,jung,daenemark_2040,70.400,3.230,50.311,17.170,685.579,3055.085,33.337,5.365,0.211738,"Screeningmodell: spaeteres Rentenalter verschiebt pauschal 0,95 Mio. Personen je Altersjahr von Renten- auf Beitragsseite."
2047,jung,status_quo_67,67.000,0.000,47.007,20.388,832.774,2927.958,30.322,5.499,0.272187,"Screeningmodell: spaeteres Rentenalter verschiebt pauschal 0,95 Mio. Personen je Altersjahr von Renten- auf Beitragsseite."
2047,jung,finnland_ratio_light,69.200,2.090,49.097,18.298,747.403,3058.140,30.322,5.499,0.232685,"Screeningmodell: spaeteres Rentenalter verschiebt pauschal 0,95 Mio. Personen je Altersjahr von Renten- auf Beitragsseite."
2047,jung,daenemark_2040,70.467,3.293,50.300,17.094,698.250,3133.094,30.322,5.499,0.211430,"Screeningmodell: spaeteres Rentenalter verschiebt pauschal 0,95 Mio. Personen je Altersjahr von Renten- auf Beitragsseite."
2048,jung,status_quo_67,67.000,0.000,46.932,20.375,851.405,2998.627,27.441,5.636,0.272901,"Screeningmodell: spaeteres Rentenalter verschiebt pauschal 0,95 Mio. Personen je Altersjahr von Renten- auf Beitragsseite."
2048,jung,finnland_ratio_light,69.300,2.185,49.117,18.190,760.101,3138.232,27.441,5.636,0.231667,"Screeningmodell: spaeteres Rentenalter verschiebt pauschal 0,95 Mio. Personen je Altersjahr von Renten- auf Beitragsseite."
2048,jung,daenemark_2040,70.533,3.357,50.289,17.018,711.141,3213.092,27.441,5.636,0.211031,"Screeningmodell: spaeteres Rentenalter verschiebt pauschal 0,95 Mio. Personen je Altersjahr von Renten- auf Beitragsseite."
2049,jung,status_quo_67,67.000,0.000,46.858,20.363,870.453,3070.992,24.700,5.777,0.273520,"Screeningmodell: spaeteres Rentenalter verschiebt pauschal 0,95 Mio. Personen je Altersjahr von Renten- auf Beitragsseite."
2049,jung,finnland_ratio_light,69.400,2.280,49.138,18.083,772.988,3220.418,24.700,5.777,0.230564,"Screeningmodell: spaeteres Rentenalter verschiebt pauschal 0,95 Mio. Personen je Altersjahr von Renten- auf Beitragsseite."
2049,jung,daenemark_2040,70.600,3.420,50.278,16.943,724.256,3295.132,24.700,5.777,0.210547,"Screeningmodell: spaeteres Rentenalter verschiebt pauschal 0,95 Mio. Personen je Altersjahr von Renten- auf Beitragsseite."
2050,jung,status_quo_67,67.000,0.000,46.784,20.350,889.927,3145.094,22.104,5.921,0.274046,"Screeningmodell: spaeteres Rentenalter verschiebt pauschal 0,95 Mio. Personen je Altersjahr von Renten- auf Beitragsseite."
2050,jung,finnland_ratio_light,69.500,2.375,49.159,17.975,786.066,3304.755,22.104,5.921,0.229379,"Screeningmodell: spaeteres Rentenalter verschiebt pauschal 0,95 Mio. Personen je Altersjahr von Renten- auf Beitragsseite."
2050,jung,daenemark_2040,70.667,3.483,50.267,16.867,737.597,3379.264,22.104,5.921,0.209978,"Screeningmodell: spaeteres Rentenalter verschiebt pauschal 0,95 Mio. Personen je Altersjahr von Renten- auf Beitragsseite."
2051,jung,status_quo_67,67.000,0.000,46.710,20.338,909.836,3220.974,19.663,6.070,0.274483,"Screeningmodell: spaeteres Rentenalter verschiebt pauschal 0,95 Mio. Personen je Altersjahr von Renten- auf Beitragsseite."
2051,jung,finnland_ratio_light,69.600,2.470,49.180,17.868,799.336,3391.298,19.663,6.070,0.228114,"Screeningmodell: spaeteres Rentenalter verschiebt pauschal 0,95 Mio. Personen je Altersjahr von Renten- auf Beitragsseite."
2051,jung,daenemark_2040,70.733,3.547,50.256,16.791,751.169,3465.542,19.663,6.070,0.209329,"Screeningmodell: spaeteres Rentenalter verschiebt pauschal 0,95 Mio. Personen je Altersjahr von Renten- auf Beitragsseite."
2052,jung,status_quo_67,67.000,0.000,46.636,20.325,930.190,3298.675,17.384,6.221,0.274833,"Screeningmodell: spaeteres Rentenalter verschiebt pauschal 0,95 Mio. Personen je Altersjahr von Renten- auf Beitragsseite."
2052,jung,finnland_ratio_light,69.700,2.565,49.201,17.760,812.801,3480.105,17.384,6.221,0.226773,"Screeningmodell: spaeteres Rentenalter verschiebt pauschal 0,95 Mio. Personen je Altersjahr von Renten- auf Beitragsseite."
2052,jung,daenemark_2040,70.800,3.610,50.246,16.715,764.976,3554.021,17.384,6.221,0.208600,"Screeningmodell: spaeteres Rentenalter verschiebt pauschal 0,95 Mio. Personen je Altersjahr von Renten- auf Beitragsseite."
2053,jung,status_quo_67,67.000,0.000,46.561,20.313,950.999,3378.240,15.279,6.377,0.275097,"Screeningmodell: spaeteres Rentenalter verschiebt pauschal 0,95 Mio. Personen je Altersjahr von Renten- auf Beitragsseite."
2053,jung,finnland_ratio_light,69.800,2.660,49.221,17.653,826.462,3571.235,15.279,6.377,0.225358,"Screeningmodell: spaeteres Rentenalter verschiebt pauschal 0,95 Mio. Personen je Altersjahr von Renten- auf Beitragsseite."
2053,jung,daenemark_2040,70.867,3.673,50.235,16.639,779.020,3644.756,15.279,6.377,0.207795,"Screeningmodell: spaeteres Rentenalter verschiebt pauschal 0,95 Mio. Personen je Altersjahr von Renten- auf Beitragsseite."
2054,jung,status_quo_67,67.000,0.000,46.487,20.300,972.274,3459.713,13.356,6.536,0.275278,"Screeningmodell: spaeteres Rentenalter verschiebt pauschal 0,95 Mio. Personen je Altersjahr von Renten- auf Beitragsseite."
2054,jung,finnland_ratio_light,69.900,2.755,49.242,17.545,840.322,3664.748,13.356,6.536,0.223871,"Screeningmodell: spaeteres Rentenalter verschiebt pauschal 0,95 Mio. Personen je Altersjahr von Renten- auf Beitragsseite."
2054,jung,daenemark_2040,70.933,3.737,50.224,16.563,793.305,3737.806,13.356,6.536,0.206916,"Screeningmodell: spaeteres Rentenalter verschiebt pauschal 0,95 Mio. Personen je Altersjahr von Renten- auf Beitragsseite."
2055,jung,status_quo_67,67.000,0.000,46.413,20.288,994.023,3543.140,11.620,6.700,0.275378,"Screeningmodell: spaeteres Rentenalter verschiebt pauschal 0,95 Mio. Personen je Altersjahr von Renten- auf Beitragsseite."
2055,jung,finnland_ratio_light,70.000,2.850,49.263,17.438,854.382,3760.707,11.620,6.700,0.222315,"Screeningmodell: spaeteres Rentenalter verschiebt pauschal 0,95 Mio. Personen je Altersjahr von Renten- auf Beitragsseite."
2055,jung,daenemark_2040,71.000,3.800,50.213,16.488,807.835,3833.230,11.620,6.700,0.205966,"Screeningmodell: spaeteres Rentenalter verschiebt pauschal 0,95 Mio. Personen je Altersjahr von Renten- auf Beitragsseite."
2056,jung,status_quo_67,67.000,0.000,46.339,20.275,1016.259,3628.568,10.073,6.867,0.275403,"Screeningmodell: spaeteres Rentenalter verschiebt pauschal 0,95 Mio. Personen je Altersjahr von Renten- auf Beitragsseite."
2056,jung,finnland_ratio_light,70.100,2.945,49.284,17.330,868.645,3859.177,10.073,6.867,0.220696,"Screeningmodell: spaeteres Rentenalter verschiebt pauschal 0,95 Mio. Personen je Altersjahr von Renten- auf Beitragsseite."
2056,jung,daenemark_2040,71.067,3.863,50.202,16.412,822.615,3931.087,10.073,6.867,0.204950,"Screeningmodell: spaeteres Rentenalter verschiebt pauschal 0,95 Mio. Personen je Altersjahr von Renten- auf Beitragsseite."
2057,jung,status_quo_67,67.000,0.000,46.265,20.263,1038.992,3716.044,8.712,7.039,0.275358,"Screeningmodell: spaeteres Rentenalter verschiebt pauschal 0,95 Mio. Personen je Altersjahr von Renten- auf Beitragsseite."
2057,jung,finnland_ratio_light,70.200,3.040,49.305,17.223,883.112,3960.221,8.712,7.039,0.219018,"Screeningmodell: spaeteres Rentenalter verschiebt pauschal 0,95 Mio. Personen je Altersjahr von Renten- auf Beitragsseite."
2057,jung,daenemark_2040,71.133,3.927,50.191,16.336,837.646,4031.440,8.712,7.039,0.203871,"Screeningmodell: spaeteres Rentenalter verschiebt pauschal 0,95 Mio. Personen je Altersjahr von Renten- auf Beitragsseite."
2058,jung,status_quo_67,67.000,0.000,46.190,20.250,1062.234,3805.617,7.533,7.215,0.275247,"Screeningmodell: spaeteres Rentenalter verschiebt pauschal 0,95 Mio. Personen je Altersjahr von Renten- auf Beitragsseite."
2058,jung,finnland_ratio_light,70.300,3.135,49.325,17.115,897.784,4063.909,7.533,7.215,0.217287,"Screeningmodell: spaeteres Rentenalter verschiebt pauschal 0,95 Mio. Personen je Altersjahr von Renten- auf Beitragsseite."
2058,jung,daenemark_2040,71.200,3.990,50.180,16.260,852.934,4134.352,7.533,7.215,0.202737,"Screeningmodell: spaeteres Rentenalter verschiebt pauschal 0,95 Mio. Personen je Altersjahr von Renten- auf Beitragsseite."
2059,jung,status_quo_67,67.000,0.000,46.116,20.238,1085.994,3897.337,6.524,7.395,0.275079,"Screeningmodell: spaeteres Rentenalter verschiebt pauschal 0,95 Mio. Personen je Altersjahr von Renten- auf Beitragsseite."
2059,jung,finnland_ratio_light,70.400,3.230,49.346,17.008,912.664,4170.308,6.524,7.395,0.215511,"Screeningmodell: spaeteres Rentenalter verschiebt pauschal 0,95 Mio. Personen je Altersjahr von Renten- auf Beitragsseite."
2059,jung,daenemark_2040,71.267,4.053,50.170,16.184,868.482,4239.889,6.524,7.395,0.201553,"Screeningmodell: spaeteres Rentenalter verschiebt pauschal 0,95 Mio. Personen je Altersjahr von Renten- auf Beitragsseite."
2060,jung,status_quo_67,67.000,0.000,46.042,20.225,1110.286,3991.255,5.670,7.580,0.274860,"Screeningmodell: spaeteres Rentenalter verschiebt pauschal 0,95 Mio. Personen je Altersjahr von Renten- auf Beitragsseite."
2060,jung,finnland_ratio_light,70.500,3.325,49.367,16.900,927.754,4279.490,5.670,7.580,0.213695,"Screeningmodell: spaeteres Rentenalter verschiebt pauschal 0,95 Mio. Personen je Altersjahr von Renten- auf Beitragsseite."
2060,jung,daenemark_2040,71.333,4.117,50.159,16.108,884.294,4348.118,5.670,7.580,0.200327,"Screeningmodell: spaeteres Rentenalter verschiebt pauschal 0,95 Mio. Personen je Altersjahr von Renten- auf Beitragsseite."
2061,jung,status_quo_67,67.000,0.000,45.968,20.213,1135.120,4087.424,4.954,7.770,0.274598,"Screeningmodell: spaeteres Rentenalter verschiebt pauschal 0,95 Mio. Personen je Altersjahr von Renten- auf Beitragsseite."
2061,jung,finnland_ratio_light,70.600,3.420,49.388,16.793,943.056,4391.527,4.954,7.770,0.211847,"Screeningmodell: spaeteres Rentenalter verschiebt pauschal 0,95 Mio. Personen je Altersjahr von Renten- auf Beitragsseite."
2061,jung,daenemark_2040,71.400,4.180,50.148,16.033,900.374,4459.106,4.954,7.770,0.199065,"Screeningmodell: spaeteres Rentenalter verschiebt pauschal 0,95 Mio. Personen je Altersjahr von Renten- auf Beitragsseite."
2062,jung,status_quo_67,67.000,0.000,45.894,20.200,1160.510,4185.896,4.358,7.964,0.274299,"Screeningmodell: spaeteres Rentenalter verschiebt pauschal 0,95 Mio. Personen je Altersjahr von Renten- auf Beitragsseite."
2062,jung,finnland_ratio_light,70.700,3.515,49.409,16.685,958.570,4506.495,4.358,7.964,0.209974,"Screeningmodell: spaeteres Rentenalter verschiebt pauschal 0,95 Mio. Personen je Altersjahr von Renten- auf Beitragsseite."
2062,jung,daenemark_2040,71.467,4.243,50.137,15.957,916.726,4572.925,4.358,7.964,0.197774,"Screeningmodell: spaeteres Rentenalter verschiebt pauschal 0,95 Mio. Personen je Altersjahr von Renten- auf Beitragsseite."
2063,jung,status_quo_67,67.000,0.000,45.819,20.188,1186.467,4286.728,3.863,8.163,0.273972,"Screeningmodell: spaeteres Rentenalter verschiebt pauschal 0,95 Mio. Personen je Altersjahr von Renten- auf Beitragsseite."
2063,jung,finnland_ratio_light,70.800,3.610,49.429,16.578,974.299,4624.468,3.863,8.163,0.208083,"Screeningmodell: spaeteres Rentenalter verschiebt pauschal 0,95 Mio. Personen je Altersjahr von Renten- auf Beitragsseite."
2063,jung,daenemark_2040,71.533,4.307,50.126,15.881,933.354,4689.647,3.863,8.163,0.196460,"Screeningmodell: spaeteres Rentenalter verschiebt pauschal 0,95 Mio. Personen je Altersjahr von Renten- auf Beitragsseite."
2064,jung,status_quo_67,67.000,0.000,45.745,20.175,1213.004,4389.974,3.452,8.367,0.273620,"Screeningmodell: spaeteres Rentenalter verschiebt pauschal 0,95 Mio. Personen je Altersjahr von Renten- auf Beitragsseite."
2064,jung,finnland_ratio_light,70.900,3.705,49.450,16.470,990.244,4745.527,3.452,8.367,0.206179,"Screeningmodell: spaeteres Rentenalter verschiebt pauschal 0,95 Mio. Personen je Altersjahr von Renten- auf Beitragsseite."
2064,jung,daenemark_2040,71.600,4.370,50.115,15.805,950.262,4809.345,3.452,8.367,0.195129,"Screeningmodell: spaeteres Rentenalter verschiebt pauschal 0,95 Mio. Personen je Altersjahr von Renten- auf Beitragsseite."
2065,jung,status_quo_67,67.000,0.000,45.671,20.163,1240.135,4495.693,3.109,8.576,0.273250,"Screeningmodell: spaeteres Rentenalter verschiebt pauschal 0,95 Mio. Personen je Altersjahr von Renten- auf Beitragsseite."
2065,jung,finnland_ratio_light,71.000,3.800,49.471,16.363,1006.408,4869.752,3.109,8.576,0.204266,"Screeningmodell: spaeteres Rentenalter verschiebt pauschal 0,95 Mio. Personen je Altersjahr von Renten- auf Beitragsseite."
2065,jung,daenemark_2040,71.667,4.433,50.104,15.729,967.454,4932.095,3.109,8.576,0.193785,"Screeningmodell: spaeteres Rentenalter verschiebt pauschal 0,95 Mio. Personen je Altersjahr von Renten- auf Beitragsseite."
2066,jung,status_quo_67,67.000,0.000,45.597,20.150,1267.871,4603.943,2.821,8.790,0.272866,"Screeningmodell: spaeteres Rentenalter verschiebt pauschal 0,95 Mio. Personen je Altersjahr von Renten- auf Beitragsseite."
2066,jung,finnland_ratio_light,71.000,3.800,49.397,16.350,1028.769,4987.632,2.821,8.790,0.203936,"Screeningmodell: spaeteres Rentenalter verschiebt pauschal 0,95 Mio. Personen je Altersjahr von Renten- auf Beitragsseite."
2066,jung,daenemark_2040,71.733,4.497,50.093,15.653,984.934,5057.975,2.821,8.790,0.192433,"Screeningmodell: spaeteres Rentenalter verschiebt pauschal 0,95 Mio. Personen je Altersjahr von Renten- auf Beitragsseite."
2067,jung,status_quo_67,67.000,0.000,45.523,20.138,1296.228,4714.785,2.576,9.010,0.272471,"Screeningmodell: spaeteres Rentenalter verschiebt pauschal 0,95 Mio. Personen je Altersjahr von Renten- auf Beitragsseite."
2067,jung,finnland_ratio_light,71.000,3.800,49.323,16.338,1051.626,5108.352,2.576,9.010,0.203596,"Screeningmodell: spaeteres Rentenalter verschiebt pauschal 0,95 Mio. Personen je Altersjahr von Renten- auf Beitragsseite."
2067,jung,daenemark_2040,71.800,4.560,50.083,15.578,1002.706,5187.065,2.576,9.010,0.191075,"Screeningmodell: spaeteres Rentenalter verschiebt pauschal 0,95 Mio. Personen je Altersjahr von Renten- auf Beitragsseite."
2068,jung,status_quo_67,67.000,0.000,45.448,20.125,1325.218,4828.280,2.366,9.236,0.272067,"Screeningmodell: spaeteres Rentenalter verschiebt pauschal 0,95 Mio. Personen je Altersjahr von Renten- auf Beitragsseite."
2068,jung,finnland_ratio_light,71.000,3.800,49.248,16.325,1074.990,5231.979,2.366,9.236,0.203248,"Screeningmodell: spaeteres Rentenalter verschiebt pauschal 0,95 Mio. Personen je Altersjahr von Renten- auf Beitragsseite."
2068,jung,daenemark_2040,71.867,4.623,50.072,15.502,1020.774,5319.447,2.366,9.236,0.189714,"Screeningmodell: spaeteres Rentenalter verschiebt pauschal 0,95 Mio. Personen je Altersjahr von Renten- auf Beitragsseite."
2069,jung,status_quo_67,67.000,0.000,45.374,20.113,1354.856,4944.492,2.184,9.466,0.271657,"Screeningmodell: spaeteres Rentenalter verschiebt pauschal 0,95 Mio. Personen je Altersjahr von Renten- auf Beitragsseite."
2069,jung,finnland_ratio_light,71.000,3.800,49.174,16.313,1098.873,5358.583,2.184,9.466,0.202894,"Screeningmodell: spaeteres Rentenalter verschiebt pauschal 0,95 Mio. Personen je Altersjahr von Renten- auf Beitragsseite."
2069,jung,daenemark_2040,71.933,4.687,50.061,15.426,1039.144,5455.204,2.184,9.466,0.188351,"Screeningmodell: spaeteres Rentenalter verschiebt pauschal 0,95 Mio. Personen je Altersjahr von Renten- auf Beitragsseite."
2070,jung,status_quo_67,67.000,0.000,45.300,20.100,1385.156,5063.484,2.024,9.703,0.271242,"Screeningmodell: spaeteres Rentenalter verschiebt pauschal 0,95 Mio. Personen je Altersjahr von Renten- auf Beitragsseite."
2070,jung,finnland_ratio_light,71.000,3.800,49.100,16.300,1123.286,5488.235,2.024,9.703,0.202535,"Screeningmodell: spaeteres Rentenalter verschiebt pauschal 0,95 Mio. Personen je Altersjahr von Renten- auf Beitragsseite."
2070,jung,daenemark_2040,72.000,4.750,50.050,15.350,1057.818,5594.423,2.024,9.703,0.186988,"Screeningmodell: spaeteres Rentenalter verschiebt pauschal 0,95 Mio. Personen je Altersjahr von Renten- auf Beitragsseite."
2027,moderat,status_quo_67,67.000,0.000,50.181,17.754,434.047,1780.143,99.585,3.356,0.186000,"Screeningmodell: spaeteres Rentenalter verschiebt pauschal 0,95 Mio. Personen je Altersjahr von Renten- auf Beitragsseite."
2027,moderat,finnland_ratio_light,67.000,0.000,50.181,17.754,434.047,1780.143,99.585,3.356,0.186000,"Screeningmodell: spaeteres Rentenalter verschiebt pauschal 0,95 Mio. Personen je Altersjahr von Renten- auf Beitragsseite."
2027,moderat,daenemark_2040,67.000,0.000,50.181,17.754,434.047,1780.143,99.585,3.356,0.186000,"Screeningmodell: spaeteres Rentenalter verschiebt pauschal 0,95 Mio. Personen je Altersjahr von Renten- auf Beitragsseite."
2028,moderat,status_quo_67,67.000,0.000,49.841,18.040,453.388,1812.295,104.022,3.440,0.190877,"Screeningmodell: spaeteres Rentenalter verschiebt pauschal 0,95 Mio. Personen je Altersjahr von Renten- auf Beitragsseite."
2028,moderat,finnland_ratio_light,67.125,0.119,49.960,17.921,450.404,1816.613,104.022,3.440,0.188781,"Screeningmodell: spaeteres Rentenalter verschiebt pauschal 0,95 Mio. Personen je Altersjahr von Renten- auf Beitragsseite."
2028,moderat,daenemark_2040,67.333,0.317,50.158,17.723,445.430,1823.810,104.022,3.440,0.185309,"Screeningmodell: spaeteres Rentenalter verschiebt pauschal 0,95 Mio. Personen je Altersjahr von Renten- auf Beitragsseite."
2029,moderat,status_quo_67,67.000,0.000,49.502,18.326,473.472,1844.943,108.630,3.526,0.195842,"Screeningmodell: spaeteres Rentenalter verschiebt pauschal 0,95 Mio. Personen je Altersjahr von Renten- auf Beitragsseite."
2029,moderat,finnland_ratio_light,67.250,0.238,49.739,18.089,467.336,1853.794,108.630,3.526,0.191596,"Screeningmodell: spaeteres Rentenalter verschiebt pauschal 0,95 Mio. Personen je Altersjahr von Renten- auf Beitragsseite."
2029,moderat,daenemark_2040,67.667,0.633,50.135,17.693,457.109,1868.547,108.630,3.526,0.184611,"Screeningmodell: spaeteres Rentenalter verschiebt pauschal 0,95 Mio. Personen je Altersjahr von Renten- auf Beitragsseite."
2030,moderat,status_quo_67,67.000,0.000,49.162,18.612,494.325,1897.096,97.858,3.614,0.207082,"Screeningmodell: spaeteres Rentenalter verschiebt pauschal 0,95 Mio. Personen je Altersjahr von Renten- auf Beitragsseite."
2030,moderat,finnland_ratio_light,67.375,0.356,49.518,18.256,484.864,1910.844,97.858,3.614,0.200640,"Screeningmodell: spaeteres Rentenalter verschiebt pauschal 0,95 Mio. Personen je Altersjahr von Renten- auf Beitragsseite."
2030,moderat,daenemark_2040,68.000,0.950,50.112,17.662,469.094,1933.756,97.858,3.614,0.190108,"Screeningmodell: spaeteres Rentenalter verschiebt pauschal 0,95 Mio. Personen je Altersjahr von Renten- auf Beitragsseite."
2031,moderat,status_quo_67,67.000,0.000,48.822,18.898,515.975,1950.435,93.199,3.704,0.214861,"Screeningmodell: spaeteres Rentenalter verschiebt pauschal 0,95 Mio. Personen je Altersjahr von Renten- auf Beitragsseite."
2031,moderat,finnland_ratio_light,67.500,0.475,49.297,18.423,503.006,1969.412,93.199,3.704,0.206205,"Screeningmodell: spaeteres Rentenalter verschiebt pauschal 0,95 Mio. Personen je Altersjahr von Renten- auf Beitragsseite."
2031,moderat,daenemark_2040,68.200,1.140,49.962,17.758,484.850,1995.978,93.199,3.704,0.194364,"Screeningmodell: spaeteres Rentenalter verschiebt pauschal 0,95 Mio. Personen je Altersjahr von Renten- auf Beitragsseite."
2032,moderat,status_quo_67,67.000,0.000,48.483,19.184,538.450,2004.980,88.574,3.797,0.222486,"Screeningmodell: spaeteres Rentenalter verschiebt pauschal 0,95 Mio. Personen je Altersjahr von Renten- auf Beitragsseite."
2032,moderat,finnland_ratio_light,67.625,0.594,49.076,18.590,521.785,2029.534,88.574,3.797,0.211582,"Screeningmodell: spaeteres Rentenalter verschiebt pauschal 0,95 Mio. Personen je Altersjahr von Renten- auf Beitragsseite."
2032,moderat,daenemark_2040,68.400,1.330,49.813,17.854,501.120,2059.982,88.574,3.797,0.198424,"Screeningmodell: spaeteres Rentenalter verschiebt pauschal 0,95 Mio. Personen je Altersjahr von Renten- auf Beitragsseite."
2033,moderat,status_quo_67,67.000,0.000,48.143,19.470,561.779,2060.750,83.992,3.892,0.229962,"Screeningmodell: spaeteres Rentenalter verschiebt pauschal 0,95 Mio. Personen je Altersjahr von Renten- auf Beitragsseite."
2033,moderat,finnland_ratio_light,67.750,0.713,48.855,18.758,541.221,2091.248,83.992,3.892,0.216778,"Screeningmodell: spaeteres Rentenalter verschiebt pauschal 0,95 Mio. Personen je Altersjahr von Renten- auf Beitragsseite."
2033,moderat,daenemark_2040,68.600,1.520,49.663,17.950,517.921,2125.813,83.992,3.892,0.202293,"Screeningmodell: spaeteres Rentenalter verschiebt pauschal 0,95 Mio. Personen je Altersjahr von Renten- auf Beitragsseite."
2034,moderat,status_quo_67,67.000,0.000,47.803,19.756,585.992,2117.765,79.464,3.989,0.237297,"Screeningmodell: spaeteres Rentenalter verschiebt pauschal 0,95 Mio. Personen je Altersjahr von Renten- auf Beitragsseite."
2034,moderat,finnland_ratio_light,67.875,0.831,48.634,18.925,561.336,2154.590,79.464,3.989,0.221797,"Screeningmodell: spaeteres Rentenalter verschiebt pauschal 0,95 Mio. Personen je Altersjahr von Renten- auf Beitragsseite."
2034,moderat,daenemark_2040,68.800,1.710,49.513,18.046,535.271,2193.521,79.464,3.989,0.205978,"Screeningmodell: spaeteres Rentenalter verschiebt pauschal 0,95 Mio. Personen je Altersjahr von Renten- auf Beitragsseite."
2035,moderat,status_quo_67,67.000,0.000,47.463,20.042,611.120,2176.045,75.003,4.089,0.244493,"Screeningmodell: spaeteres Rentenalter verschiebt pauschal 0,95 Mio. Personen je Altersjahr von Renten- auf Beitragsseite."
2035,moderat,finnland_ratio_light,68.000,0.950,48.413,19.092,582.153,2219.600,75.003,4.089,0.226645,"Screeningmodell: spaeteres Rentenalter verschiebt pauschal 0,95 Mio. Personen je Altersjahr von Renten- auf Beitragsseite."
2035,moderat,daenemark_2040,69.000,1.900,49.363,18.142,553.185,2263.154,75.003,4.089,0.209483,"Screeningmodell: spaeteres Rentenalter verschiebt pauschal 0,95 Mio. Personen je Altersjahr von Renten- auf Beitragsseite."
2036,moderat,status_quo_67,67.000,0.000,47.124,20.328,637.196,2216.415,70.625,4.191,0.253735,"Screeningmodell: spaeteres Rentenalter verschiebt pauschal 0,95 Mio. Personen je Altersjahr von Renten- auf Beitragsseite."
2036,moderat,finnland_ratio_light,68.100,1.045,48.169,19.283,604.440,2265.565,70.625,4.191,0.233772,"Screeningmodell: spaeteres Rentenalter verschiebt pauschal 0,95 Mio. Personen je Altersjahr von Renten- auf Beitragsseite."
2036,moderat,daenemark_2040,69.200,2.090,49.214,18.238,571.684,2314.716,70.625,4.191,0.214656,"Screeningmodell: spaeteres Rentenalter verschiebt pauschal 0,95 Mio. Personen je Altersjahr von Renten- auf Beitragsseite."
2037,moderat,status_quo_67,67.000,0.000,46.784,20.614,664.254,2257.415,66.341,4.296,0.262963,"Screeningmodell: spaeteres Rentenalter verschiebt pauschal 0,95 Mio. Personen je Altersjahr von Renten- auf Beitragsseite."
2037,moderat,finnland_ratio_light,68.200,1.140,47.924,19.474,627.519,2312.422,66.341,4.296,0.240822,"Screeningmodell: spaeteres Rentenalter verschiebt pauschal 0,95 Mio. Personen je Altersjahr von Renten- auf Beitragsseite."
2037,moderat,daenemark_2040,69.400,2.280,49.064,18.334,590.784,2367.429,66.341,4.296,0.219710,"Screeningmodell: spaeteres Rentenalter verschiebt pauschal 0,95 Mio. Personen je Altersjahr von Renten- auf Beitragsseite."
2038,moderat,status_quo_67,67.000,0.000,46.444,20.900,692.327,2299.050,62.165,4.403,0.272181,"Screeningmodell: spaeteres Rentenalter verschiebt pauschal 0,95 Mio. Personen je Altersjahr von Renten- auf Beitragsseite."
2038,moderat,finnland_ratio_light,68.300,1.235,47.679,19.665,651.417,2360.183,62.165,4.403,0.247798,"Screeningmodell: spaeteres Rentenalter verschiebt pauschal 0,95 Mio. Personen je Altersjahr von Renten- auf Beitragsseite."
2038,moderat,daenemark_2040,69.600,2.470,48.914,18.430,610.506,2421.317,62.165,4.403,0.224646,"Screeningmodell: spaeteres Rentenalter verschiebt pauschal 0,95 Mio. Personen je Altersjahr von Renten- auf Beitragsseite."
2039,moderat,status_quo_67,67.000,0.000,46.281,20.902,711.765,2350.253,58.108,4.513,0.276202,"Screeningmodell: spaeteres Rentenalter verschiebt pauschal 0,95 Mio. Personen je Altersjahr von Renten- auf Beitragsseite."
2039,moderat,finnland_ratio_light,68.400,1.330,47.611,19.572,666.474,2417.794,58.108,4.513,0.249754,"Screeningmodell: spaeteres Rentenalter verschiebt pauschal 0,95 Mio. Personen je Altersjahr von Renten- auf Beitragsseite."
2039,moderat,daenemark_2040,69.800,2.660,48.941,18.242,621.184,2485.335,58.108,4.513,0.224743,"Screeningmodell: spaeteres Rentenalter verschiebt pauschal 0,95 Mio. Personen je Altersjahr von Renten- auf Beitragsseite."
2040,moderat,status_quo_67,67.000,0.000,46.117,20.903,728.190,2402.564,54.176,4.626,0.278614,"Screeningmodell: spaeteres Rentenalter verschiebt pauschal 0,95 Mio. Personen je Altersjahr von Renten- auf Beitragsseite."
2040,moderat,finnland_ratio_light,68.500,1.425,47.542,19.478,678.548,2476.803,54.176,4.626,0.250220,"Screeningmodell: spaeteres Rentenalter verschiebt pauschal 0,95 Mio. Personen je Altersjahr von Renten- auf Beitragsseite."
2040,moderat,daenemark_2040,70.000,2.850,48.967,18.053,628.906,2551.042,54.176,4.626,0.223479,"Screeningmodell: spaeteres Rentenalter verschiebt pauschal 0,95 Mio. Personen je Altersjahr von Renten- auf Beitragsseite."
2041,moderat,status_quo_67,67.000,0.000,45.953,20.905,744.994,2456.008,50.374,4.742,0.280895,"Screeningmodell: spaeteres Rentenalter verschiebt pauschal 0,95 Mio. Personen je Altersjahr von Renten- auf Beitragsseite."
2041,moderat,finnland_ratio_light,68.600,1.520,47.473,19.385,690.825,2537.246,50.374,4.742,0.250551,"Screeningmodell: spaeteres Rentenalter verschiebt pauschal 0,95 Mio. Personen je Altersjahr von Renten- auf Beitragsseite."
2041,moderat,daenemark_2040,70.067,2.913,48.866,17.991,641.170,2611.715,50.374,4.742,0.224395,"Screeningmodell: spaeteres Rentenalter verschiebt pauschal 0,95 Mio. Personen je Altersjahr von Renten- auf Beitragsseite."
2042,moderat,status_quo_67,67.000,0.000,45.789,20.906,762.186,2510.606,46.704,4.860,0.283048,"Screeningmodell: spaeteres Rentenalter verschiebt pauschal 0,95 Mio. Personen je Altersjahr von Renten- auf Beitragsseite."
2042,moderat,finnland_ratio_light,68.700,1.615,47.404,19.291,703.307,2599.156,46.704,4.860,0.250752,"Screeningmodell: spaeteres Rentenalter verschiebt pauschal 0,95 Mio. Personen je Altersjahr von Renten- auf Beitragsseite."
2042,moderat,daenemark_2040,70.133,2.977,48.766,17.930,653.665,2673.816,46.704,4.860,0.225184,"Screeningmodell: spaeteres Rentenalter verschiebt pauschal 0,95 Mio. Personen je Altersjahr von Renten- auf Beitragsseite."
2043,moderat,status_quo_67,67.000,0.000,45.625,20.908,779.775,2566.383,43.166,4.982,0.285081,"Screeningmodell: spaeteres Rentenalter verschiebt pauschal 0,95 Mio. Personen je Altersjahr von Renten- auf Beitragsseite."
2043,moderat,finnland_ratio_light,68.800,1.710,47.335,19.198,715.999,2662.569,43.166,4.982,0.250830,"Screeningmodell: spaeteres Rentenalter verschiebt pauschal 0,95 Mio. Personen je Altersjahr von Renten- auf Beitragsseite."
2043,moderat,daenemark_2040,70.200,3.040,48.665,17.868,666.395,2737.381,43.166,4.982,0.225854,"Screeningmodell: spaeteres Rentenalter verschiebt pauschal 0,95 Mio. Personen je Altersjahr von Renten- auf Beitragsseite."
2044,moderat,status_quo_67,67.000,0.000,45.461,20.909,797.769,2623.363,39.759,5.106,0.286999,"Screeningmodell: spaeteres Rentenalter verschiebt pauschal 0,95 Mio. Personen je Altersjahr von Renten- auf Beitragsseite."
2044,moderat,finnland_ratio_light,68.900,1.805,47.266,19.104,728.902,2727.522,39.759,5.106,0.250790,"Screeningmodell: spaeteres Rentenalter verschiebt pauschal 0,95 Mio. Personen je Altersjahr von Renten- auf Beitragsseite."
2044,moderat,daenemark_2040,70.267,3.103,48.564,17.806,679.366,2802.443,39.759,5.106,0.226410,"Screeningmodell: spaeteres Rentenalter verschiebt pauschal 0,95 Mio. Personen je Altersjahr von Renten- auf Beitragsseite."
2045,moderat,status_quo_67,67.000,0.000,45.297,20.911,816.179,2681.572,36.483,5.234,0.288809,"Screeningmodell: spaeteres Rentenalter verschiebt pauschal 0,95 Mio. Personen je Altersjahr von Renten- auf Beitragsseite."
2045,moderat,finnland_ratio_light,69.000,1.900,47.197,19.011,742.019,2794.051,36.483,5.234,0.250641,"Screeningmodell: spaeteres Rentenalter verschiebt pauschal 0,95 Mio. Personen je Altersjahr von Renten- auf Beitragsseite."
2045,moderat,daenemark_2040,70.333,3.167,48.464,17.744,692.580,2869.037,36.483,5.234,0.226858,"Screeningmodell: spaeteres Rentenalter verschiebt pauschal 0,95 Mio. Personen je Altersjahr von Renten- auf Beitragsseite."
2046,moderat,status_quo_67,67.000,0.000,45.133,20.913,835.013,2740.686,33.337,5.365,0.290552,"Screeningmodell: spaeteres Rentenalter verschiebt pauschal 0,95 Mio. Personen je Altersjahr von Renten- auf Beitragsseite."
2046,moderat,finnland_ratio_light,69.100,1.995,47.128,18.918,755.355,2861.831,33.337,5.365,0.250418,"Screeningmodell: spaeteres Rentenalter verschiebt pauschal 0,95 Mio. Personen je Altersjahr von Renten- auf Beitragsseite."
2046,moderat,daenemark_2040,70.400,3.230,48.363,17.683,706.043,2936.826,33.337,5.365,0.227232,"Screeningmodell: spaeteres Rentenalter verschiebt pauschal 0,95 Mio. Personen je Altersjahr von Renten- auf Beitragsseite."
2047,moderat,status_quo_67,67.000,0.000,44.969,20.914,854.282,2801.066,30.322,5.499,0.292197,"Screeningmodell: spaeteres Rentenalter verschiebt pauschal 0,95 Mio. Personen je Altersjahr von Renten- auf Beitragsseite."
2047,moderat,finnland_ratio_light,69.200,2.090,47.059,18.824,768.912,2931.249,30.322,5.499,0.250095,"Screeningmodell: spaeteres Rentenalter verschiebt pauschal 0,95 Mio. Personen je Altersjahr von Renten- auf Beitragsseite."
2047,moderat,daenemark_2040,70.467,3.293,48.263,17.621,719.759,3006.202,30.322,5.499,0.227509,"Screeningmodell: spaeteres Rentenalter verschiebt pauschal 0,95 Mio. Personen je Altersjahr von Renten- auf Beitragsseite."
2048,moderat,status_quo_67,67.000,0.000,44.806,20.916,873.996,2862.737,27.441,5.636,0.293746,"Screeningmodell: spaeteres Rentenalter verschiebt pauschal 0,95 Mio. Personen je Altersjahr von Renten- auf Beitragsseite."
2048,moderat,finnland_ratio_light,69.300,2.185,46.991,18.731,782.692,3002.342,27.441,5.636,0.249677,"Screeningmodell: spaeteres Rentenalter verschiebt pauschal 0,95 Mio. Personen je Altersjahr von Renten- auf Beitragsseite."
2048,moderat,daenemark_2040,70.533,3.357,48.162,17.559,733.732,3077.202,27.441,5.636,0.227692,"Screeningmodell: spaeteres Rentenalter verschiebt pauschal 0,95 Mio. Personen je Altersjahr von Renten- auf Beitragsseite."
2049,moderat,status_quo_67,67.000,0.000,44.642,20.917,894.165,2925.724,24.700,5.777,0.295205,"Screeningmodell: spaeteres Rentenalter verschiebt pauschal 0,95 Mio. Personen je Altersjahr von Renten- auf Beitragsseite."
2049,moderat,finnland_ratio_light,69.400,2.280,46.922,18.637,796.700,3075.151,24.700,5.777,0.249166,"Screeningmodell: spaeteres Rentenalter verschiebt pauschal 0,95 Mio. Personen je Altersjahr von Renten- auf Beitragsseite."
2049,moderat,daenemark_2040,70.600,3.420,48.062,17.497,747.967,3149.864,24.700,5.777,0.227785,"Screeningmodell: spaeteres Rentenalter verschiebt pauschal 0,95 Mio. Personen je Altersjahr von Renten- auf Beitragsseite."
2050,moderat,status_quo_67,67.000,0.000,44.478,20.919,914.799,2990.055,22.104,5.921,0.296574,"Screeningmodell: spaeteres Rentenalter verschiebt pauschal 0,95 Mio. Personen je Altersjahr von Renten- auf Beitragsseite."
2050,moderat,finnland_ratio_light,69.500,2.375,46.853,18.544,810.938,3149.717,22.104,5.921,0.248566,"Screeningmodell: spaeteres Rentenalter verschiebt pauschal 0,95 Mio. Personen je Altersjahr von Renten- auf Beitragsseite."
2050,moderat,daenemark_2040,70.667,3.483,47.961,17.435,762.469,3224.225,22.104,5.921,0.227789,"Screeningmodell: spaeteres Rentenalter verschiebt pauschal 0,95 Mio. Personen je Altersjahr von Renten- auf Beitragsseite."
2051,moderat,status_quo_67,67.000,0.000,44.314,20.920,935.909,3055.758,19.663,6.070,0.297856,"Screeningmodell: spaeteres Rentenalter verschiebt pauschal 0,95 Mio. Personen je Altersjahr von Renten- auf Beitragsseite."
2051,moderat,finnland_ratio_light,69.600,2.470,46.784,18.450,825.409,3226.082,19.663,6.070,0.247879,"Screeningmodell: spaeteres Rentenalter verschiebt pauschal 0,95 Mio. Personen je Altersjahr von Renten- auf Beitragsseite."
2051,moderat,daenemark_2040,70.733,3.547,47.861,17.374,777.243,3300.326,19.663,6.070,0.227708,"Screeningmodell: spaeteres Rentenalter verschiebt pauschal 0,95 Mio. Personen je Altersjahr von Renten- auf Beitragsseite."
2052,moderat,status_quo_67,67.000,0.000,44.150,20.922,957.507,3122.860,17.384,6.221,0.299053,"Screeningmodell: spaeteres Rentenalter verschiebt pauschal 0,95 Mio. Personen je Altersjahr von Renten- auf Beitragsseite."
2052,moderat,finnland_ratio_light,69.700,2.565,46.715,18.357,840.117,3304.290,17.384,6.221,0.247107,"Screeningmodell: spaeteres Rentenalter verschiebt pauschal 0,95 Mio. Personen je Altersjahr von Renten- auf Beitragsseite."
2052,moderat,daenemark_2040,70.800,3.610,47.760,17.312,792.292,3378.206,17.384,6.221,0.227543,"Screeningmodell: spaeteres Rentenalter verschiebt pauschal 0,95 Mio. Personen je Altersjahr von Renten- auf Beitragsseite."
2053,moderat,status_quo_67,67.000,0.000,43.986,20.923,979.602,3191.390,15.279,6.377,0.300166,"Screeningmodell: spaeteres Rentenalter verschiebt pauschal 0,95 Mio. Personen je Altersjahr von Renten- auf Beitragsseite."
2053,moderat,finnland_ratio_light,69.800,2.660,46.646,18.263,855.065,3384.385,15.279,6.377,0.246251,"Screeningmodell: spaeteres Rentenalter verschiebt pauschal 0,95 Mio. Personen je Altersjahr von Renten- auf Beitragsseite."
2053,moderat,daenemark_2040,70.867,3.673,47.659,17.250,807.623,3457.907,15.279,6.377,0.227296,"Screeningmodell: spaeteres Rentenalter verschiebt pauschal 0,95 Mio. Personen je Altersjahr von Renten- auf Beitragsseite."
2054,moderat,status_quo_67,67.000,0.000,43.822,20.925,1002.208,3261.377,13.356,6.536,0.301197,"Screeningmodell: spaeteres Rentenalter verschiebt pauschal 0,95 Mio. Personen je Altersjahr von Renten- auf Beitragsseite."
2054,moderat,finnland_ratio_light,69.900,2.755,46.577,18.170,870.257,3466.412,13.356,6.536,0.245316,"Screeningmodell: spaeteres Rentenalter verschiebt pauschal 0,95 Mio. Personen je Altersjahr von Renten- auf Beitragsseite."
2054,moderat,daenemark_2040,70.933,3.737,47.559,17.188,823.240,3539.470,13.356,6.536,0.226968,"Screeningmodell: spaeteres Rentenalter verschiebt pauschal 0,95 Mio. Personen je Altersjahr von Renten- auf Beitragsseite."
2055,moderat,status_quo_67,67.000,0.000,43.658,20.927,1025.336,3332.850,11.620,6.700,0.302149,"Screeningmodell: spaeteres Rentenalter verschiebt pauschal 0,95 Mio. Personen je Altersjahr von Renten- auf Beitragsseite."
2055,moderat,finnland_ratio_light,70.000,2.850,46.508,18.077,885.695,3550.417,11.620,6.700,0.244302,"Screeningmodell: spaeteres Rentenalter verschiebt pauschal 0,95 Mio. Personen je Altersjahr von Renten- auf Beitragsseite."
2055,moderat,daenemark_2040,71.000,3.800,47.458,17.127,839.148,3622.940,11.620,6.700,0.226564,"Screeningmodell: spaeteres Rentenalter verschiebt pauschal 0,95 Mio. Personen je Altersjahr von Renten- auf Beitragsseite."
2056,moderat,status_quo_67,67.000,0.000,43.494,20.928,1048.997,3405.840,10.073,6.867,0.303026,"Screeningmodell: spaeteres Rentenalter verschiebt pauschal 0,95 Mio. Personen je Altersjahr von Renten- auf Beitragsseite."
2056,moderat,finnland_ratio_light,70.100,2.945,46.439,17.983,901.382,3636.448,10.073,6.867,0.243216,"Screeningmodell: spaeteres Rentenalter verschiebt pauschal 0,95 Mio. Personen je Altersjahr von Renten- auf Beitragsseite."
2056,moderat,daenemark_2040,71.067,3.863,47.358,17.065,855.352,3708.358,10.073,6.867,0.226087,"Screeningmodell: spaeteres Rentenalter verschiebt pauschal 0,95 Mio. Personen je Altersjahr von Renten- auf Beitragsseite."
2057,moderat,status_quo_67,67.000,0.000,43.331,20.930,1073.204,3480.376,8.712,7.039,0.303833,"Screeningmodell: spaeteres Rentenalter verschiebt pauschal 0,95 Mio. Personen je Altersjahr von Renten- auf Beitragsseite."
2057,moderat,finnland_ratio_light,70.200,3.040,46.371,17.890,917.323,3724.554,8.712,7.039,0.242062,"Screeningmodell: spaeteres Rentenalter verschiebt pauschal 0,95 Mio. Personen je Altersjahr von Renten- auf Beitragsseite."
2057,moderat,daenemark_2040,71.133,3.927,47.257,17.003,871.857,3795.772,8.712,7.039,0.225542,"Screeningmodell: spaeteres Rentenalter verschiebt pauschal 0,95 Mio. Personen je Altersjahr von Renten- auf Beitragsseite."
2058,moderat,status_quo_67,67.000,0.000,43.167,20.931,1097.969,3556.492,7.533,7.215,0.304576,"Screeningmodell: spaeteres Rentenalter verschiebt pauschal 0,95 Mio. Personen je Altersjahr von Renten- auf Beitragsseite."
2058,moderat,finnland_ratio_light,70.300,3.135,46.302,17.796,933.520,3814.784,7.533,7.215,0.240845,"Screeningmodell: spaeteres Rentenalter verschiebt pauschal 0,95 Mio. Personen je Altersjahr von Renten- auf Beitragsseite."
2058,moderat,daenemark_2040,71.200,3.990,47.157,16.941,888.670,3885.227,7.533,7.215,0.224935,"Screeningmodell: spaeteres Rentenalter verschiebt pauschal 0,95 Mio. Personen je Altersjahr von Renten- auf Beitragsseite."
2059,moderat,status_quo_67,67.000,0.000,43.003,20.933,1123.306,3634.217,6.524,7.395,0.305262,"Screeningmodell: spaeteres Rentenalter verschiebt pauschal 0,95 Mio. Personen je Altersjahr von Renten- auf Beitragsseite."
2059,moderat,finnland_ratio_light,70.400,3.230,46.233,17.703,949.977,3907.189,6.524,7.395,0.239573,"Screeningmodell: spaeteres Rentenalter verschiebt pauschal 0,95 Mio. Personen je Altersjahr von Renten- auf Beitragsseite."
2059,moderat,daenemark_2040,71.267,4.053,47.056,16.879,905.795,3976.769,6.524,7.395,0.224271,"Screeningmodell: spaeteres Rentenalter verschiebt pauschal 0,95 Mio. Personen je Altersjahr von Renten- auf Beitragsseite."
2060,moderat,status_quo_67,67.000,0.000,42.839,20.934,1149.228,3713.586,5.670,7.580,0.305898,"Screeningmodell: spaeteres Rentenalter verschiebt pauschal 0,95 Mio. Personen je Altersjahr von Renten- auf Beitragsseite."
2060,moderat,finnland_ratio_light,70.500,3.325,46.164,17.609,966.697,4001.821,5.670,7.580,0.238253,"Screeningmodell: spaeteres Rentenalter verschiebt pauschal 0,95 Mio. Personen je Altersjahr von Renten- auf Beitragsseite."
2060,moderat,daenemark_2040,71.333,4.117,46.956,16.818,923.237,4070.448,5.670,7.580,0.223559,"Screeningmodell: spaeteres Rentenalter verschiebt pauschal 0,95 Mio. Personen je Altersjahr von Renten- auf Beitragsseite."
2061,moderat,status_quo_67,67.000,0.000,42.675,20.936,1175.748,3794.630,4.954,7.770,0.306492,"Screeningmodell: spaeteres Rentenalter verschiebt pauschal 0,95 Mio. Personen je Altersjahr von Renten- auf Beitragsseite."
2061,moderat,finnland_ratio_light,70.600,3.420,46.095,17.516,983.683,4098.734,4.954,7.770,0.236893,"Screeningmodell: spaeteres Rentenalter verschiebt pauschal 0,95 Mio. Personen je Altersjahr von Renten- auf Beitragsseite."
2061,moderat,daenemark_2040,71.400,4.180,46.855,16.756,941.002,4166.312,4.954,7.770,0.222806,"Screeningmodell: spaeteres Rentenalter verschiebt pauschal 0,95 Mio. Personen je Altersjahr von Renten- auf Beitragsseite."
2062,moderat,status_quo_67,67.000,0.000,42.511,20.938,1202.880,3877.383,4.358,7.964,0.307052,"Screeningmodell: spaeteres Rentenalter verschiebt pauschal 0,95 Mio. Personen je Altersjahr von Renten- auf Beitragsseite."
2062,moderat,finnland_ratio_light,70.700,3.515,46.026,17.423,1000.940,4197.982,4.358,7.964,0.235499,"Screeningmodell: spaeteres Rentenalter verschiebt pauschal 0,95 Mio. Personen je Altersjahr von Renten- auf Beitragsseite."
2062,moderat,daenemark_2040,71.467,4.243,46.754,16.694,959.096,4264.412,4.358,7.964,0.222018,"Screeningmodell: spaeteres Rentenalter verschiebt pauschal 0,95 Mio. Personen je Altersjahr von Renten- auf Beitragsseite."
2063,moderat,status_quo_67,67.000,0.000,42.347,20.939,1230.638,3961.881,3.863,8.163,0.307584,"Screeningmodell: spaeteres Rentenalter verschiebt pauschal 0,95 Mio. Personen je Altersjahr von Renten- auf Beitragsseite."
2063,moderat,finnland_ratio_light,70.800,3.610,45.957,17.329,1018.470,4299.621,3.863,8.163,0.234078,"Screeningmodell: spaeteres Rentenalter verschiebt pauschal 0,95 Mio. Personen je Altersjahr von Renten- auf Beitragsseite."
2063,moderat,daenemark_2040,71.533,4.307,46.654,16.632,977.525,4364.800,3.863,8.163,0.221201,"Screeningmodell: spaeteres Rentenalter verschiebt pauschal 0,95 Mio. Personen je Altersjahr von Renten- auf Beitragsseite."
2064,moderat,status_quo_67,67.000,0.000,42.183,20.941,1259.037,4048.156,3.452,8.367,0.308095,"Screeningmodell: spaeteres Rentenalter verschiebt pauschal 0,95 Mio. Personen je Altersjahr von Renten- auf Beitragsseite."
2064,moderat,finnland_ratio_light,70.900,3.705,45.888,17.236,1036.277,4403.710,3.452,8.367,0.232635,"Screeningmodell: spaeteres Rentenalter verschiebt pauschal 0,95 Mio. Personen je Altersjahr von Renten- auf Beitragsseite."
2064,moderat,daenemark_2040,71.600,4.370,46.553,16.571,996.294,4467.527,3.452,8.367,0.220363,"Screeningmodell: spaeteres Rentenalter verschiebt pauschal 0,95 Mio. Personen je Altersjahr von Renten- auf Beitragsseite."
2065,moderat,status_quo_67,67.000,0.000,42.019,20.942,1288.091,4136.246,3.109,8.576,0.308590,"Screeningmodell: spaeteres Rentenalter verschiebt pauschal 0,95 Mio. Personen je Altersjahr von Renten- auf Beitragsseite."
2065,moderat,finnland_ratio_light,71.000,3.800,45.819,17.142,1054.364,4510.305,3.109,8.576,0.231177,"Screeningmodell: spaeteres Rentenalter verschiebt pauschal 0,95 Mio. Personen je Altersjahr von Renten- auf Beitragsseite."
2065,moderat,daenemark_2040,71.667,4.433,46.453,16.509,1015.410,4572.648,3.109,8.576,0.219506,"Screeningmodell: spaeteres Rentenalter verschiebt pauschal 0,95 Mio. Personen je Altersjahr von Renten- auf Beitragsseite."
2066,moderat,status_quo_67,67.000,0.000,41.856,20.944,1317.815,4226.187,2.821,8.790,0.309074,"Screeningmodell: spaeteres Rentenalter verschiebt pauschal 0,95 Mio. Personen je Altersjahr von Renten- auf Beitragsseite."
2066,moderat,finnland_ratio_light,71.000,3.800,45.656,17.144,1078.713,4609.876,2.821,8.790,0.231482,"Screeningmodell: spaeteres Rentenalter verschiebt pauschal 0,95 Mio. Personen je Altersjahr von Renten- auf Beitragsseite."
2066,moderat,daenemark_2040,71.733,4.497,46.352,16.447,1034.878,4680.219,2.821,8.790,0.218636,"Screeningmodell: spaeteres Rentenalter verschiebt pauschal 0,95 Mio. Personen je Altersjahr von Renten- auf Beitragsseite."
2067,moderat,status_quo_67,67.000,0.000,41.692,20.945,1348.226,4318.014,2.576,9.010,0.309549,"Screeningmodell: spaeteres Rentenalter verschiebt pauschal 0,95 Mio. Personen je Altersjahr von Renten- auf Beitragsseite."
2067,moderat,finnland_ratio_light,71.000,3.800,45.492,17.145,1103.624,4711.581,2.576,9.010,0.231777,"Screeningmodell: spaeteres Rentenalter verschiebt pauschal 0,95 Mio. Personen je Altersjahr von Renten- auf Beitragsseite."
2067,moderat,daenemark_2040,71.800,4.560,46.252,16.385,1054.704,4790.295,2.576,9.010,0.217756,"Screeningmodell: spaeteres Rentenalter verschiebt pauschal 0,95 Mio. Personen je Altersjahr von Renten- auf Beitragsseite."
2068,moderat,status_quo_67,67.000,0.000,41.528,20.947,1379.338,4411.767,2.366,9.236,0.310020,"Screeningmodell: spaeteres Rentenalter verschiebt pauschal 0,95 Mio. Personen je Altersjahr von Renten- auf Beitragsseite."
2068,moderat,finnland_ratio_light,71.000,3.800,45.328,17.147,1129.110,4815.466,2.366,9.236,0.232067,"Screeningmodell: spaeteres Rentenalter verschiebt pauschal 0,95 Mio. Personen je Altersjahr von Renten- auf Beitragsseite."
2068,moderat,daenemark_2040,71.867,4.623,46.151,16.324,1074.894,4902.934,2.366,9.236,0.216869,"Screeningmodell: spaeteres Rentenalter verschiebt pauschal 0,95 Mio. Personen je Altersjahr von Renten- auf Beitragsseite."
2069,moderat,status_quo_67,67.000,0.000,41.364,20.948,1411.168,4507.482,2.184,9.466,0.310488,"Screeningmodell: spaeteres Rentenalter verschiebt pauschal 0,95 Mio. Personen je Altersjahr von Renten- auf Beitragsseite."
2069,moderat,finnland_ratio_light,71.000,3.800,45.164,17.148,1155.185,4921.574,2.184,9.466,0.232352,"Screeningmodell: spaeteres Rentenalter verschiebt pauschal 0,95 Mio. Personen je Altersjahr von Renten- auf Beitragsseite."
2069,moderat,daenemark_2040,71.933,4.687,46.051,16.262,1095.456,5018.195,2.184,9.466,0.215975,"Screeningmodell: spaeteres Rentenalter verschiebt pauschal 0,95 Mio. Personen je Altersjahr von Renten- auf Beitragsseite."
2070,moderat,status_quo_67,67.000,0.000,41.200,20.950,1443.732,4605.199,2.024,9.703,0.310954,"Screeningmodell: spaeteres Rentenalter verschiebt pauschal 0,95 Mio. Personen je Altersjahr von Renten- auf Beitragsseite."
2070,moderat,finnland_ratio_light,71.000,3.800,45.000,17.150,1181.862,5029.951,2.024,9.703,0.232633,"Screeningmodell: spaeteres Rentenalter verschiebt pauschal 0,95 Mio. Personen je Altersjahr von Renten- auf Beitragsseite."
2070,moderat,daenemark_2040,72.000,4.750,45.950,16.200,1116.394,5136.139,2.024,9.703,0.215077,"Screeningmodell: spaeteres Rentenalter verschiebt pauschal 0,95 Mio. Personen je Altersjahr von Renten- auf Beitragsseite."
2027,alt,status_quo_67,67.000,0.000,49.940,17.840,436.143,1771.589,100.066,3.356,0.187810,"Screeningmodell: spaeteres Rentenalter verschiebt pauschal 0,95 Mio. Personen je Altersjahr von Renten- auf Beitragsseite."
2027,alt,finnland_ratio_light,67.000,0.000,49.940,17.840,436.143,1771.589,100.066,3.356,0.187810,"Screeningmodell: spaeteres Rentenalter verschiebt pauschal 0,95 Mio. Personen je Altersjahr von Renten- auf Beitragsseite."
2027,alt,daenemark_2040,67.000,0.000,49.940,17.840,436.143,1771.589,100.066,3.356,0.187810,"Screeningmodell: spaeteres Rentenalter verschiebt pauschal 0,95 Mio. Personen je Altersjahr von Renten- auf Beitragsseite."
2028,alt,status_quo_67,67.000,0.000,49.520,18.154,456.261,1800.605,104.681,3.440,0.193346,"Screeningmodell: spaeteres Rentenalter verschiebt pauschal 0,95 Mio. Personen je Altersjahr von Renten- auf Beitragsseite."
2028,alt,finnland_ratio_light,67.125,0.119,49.639,18.036,453.276,1804.923,104.681,3.440,0.191230,"Screeningmodell: spaeteres Rentenalter verschiebt pauschal 0,95 Mio. Personen je Altersjahr von Renten- auf Beitragsseite."
2028,alt,daenemark_2040,67.333,0.317,49.836,17.838,448.302,1812.119,104.681,3.440,0.187726,"Screeningmodell: spaeteres Rentenalter verschiebt pauschal 0,95 Mio. Personen je Altersjahr von Renten- auf Beitragsseite."
2029,alt,status_quo_67,67.000,0.000,49.100,18.469,477.163,1829.964,109.477,3.526,0.198999,"Screeningmodell: spaeteres Rentenalter verschiebt pauschal 0,95 Mio. Personen je Altersjahr von Renten- auf Beitragsseite."
2029,alt,finnland_ratio_light,67.250,0.238,49.337,18.231,471.027,1838.816,109.477,3.526,0.194704,"Screeningmodell: spaeteres Rentenalter verschiebt pauschal 0,95 Mio. Personen je Altersjahr von Renten- auf Beitragsseite."
2029,alt,daenemark_2040,67.667,0.633,49.733,17.836,460.800,1853.569,109.477,3.526,0.187637,"Screeningmodell: spaeteres Rentenalter verschiebt pauschal 0,95 Mio. Personen je Altersjahr von Renten- auf Beitragsseite."
2030,alt,status_quo_67,67.000,0.000,48.680,18.783,498.879,1878.486,97.858,3.614,0.211557,"Screeningmodell: spaeteres Rentenalter verschiebt pauschal 0,95 Mio. Personen je Altersjahr von Renten- auf Beitragsseite."
2030,alt,finnland_ratio_light,67.375,0.356,49.036,18.427,489.417,1892.233,97.858,3.614,0.205020,"Screeningmodell: spaeteres Rentenalter verschiebt pauschal 0,95 Mio. Personen je Altersjahr von Renten- auf Beitragsseite."
2030,alt,daenemark_2040,68.000,0.950,49.630,17.833,473.647,1915.146,97.858,3.614,0.194333,"Screeningmodell: spaeteres Rentenalter verschiebt pauschal 0,95 Mio. Personen je Altersjahr von Renten- auf Beitragsseite."
2031,alt,status_quo_67,67.000,0.000,48.260,19.098,521.436,1927.958,93.199,3.704,0.220198,"Screeningmodell: spaeteres Rentenalter verschiebt pauschal 0,95 Mio. Personen je Altersjahr von Renten- auf Beitragsseite."
2031,alt,finnland_ratio_light,67.500,0.475,48.735,18.623,508.467,1946.934,93.199,3.704,0.211391,"Screeningmodell: spaeteres Rentenalter verschiebt pauschal 0,95 Mio. Personen je Altersjahr von Renten- auf Beitragsseite."
2031,alt,daenemark_2040,68.200,1.140,49.400,17.958,490.310,1973.501,93.199,3.704,0.199345,"Screeningmodell: spaeteres Rentenalter verschiebt pauschal 0,95 Mio. Personen je Altersjahr von Renten- auf Beitragsseite."
2032,alt,status_quo_67,67.000,0.000,47.840,19.413,544.865,1978.388,88.574,3.797,0.228719,"Screeningmodell: spaeteres Rentenalter verschiebt pauschal 0,95 Mio. Personen je Altersjahr von Renten- auf Beitragsseite."
2032,alt,finnland_ratio_light,67.625,0.594,48.433,18.819,528.200,2002.942,88.574,3.797,0.217595,"Screeningmodell: spaeteres Rentenalter verschiebt pauschal 0,95 Mio. Personen je Altersjahr von Renten- auf Beitragsseite."
2032,alt,daenemark_2040,68.400,1.330,49.170,18.083,507.535,2033.389,88.574,3.797,0.204174,"Screeningmodell: spaeteres Rentenalter verschiebt pauschal 0,95 Mio. Personen je Altersjahr von Renten- auf Beitragsseite."
2033,alt,status_quo_67,67.000,0.000,47.419,19.727,569.198,2029.784,83.992,3.892,0.237126,"Screeningmodell: spaeteres Rentenalter verschiebt pauschal 0,95 Mio. Personen je Altersjahr von Renten- auf Beitragsseite."
2033,alt,finnland_ratio_light,67.750,0.713,48.132,19.015,548.640,2060.283,83.992,3.892,0.223637,"Screeningmodell: spaeteres Rentenalter verschiebt pauschal 0,95 Mio. Personen je Altersjahr von Renten- auf Beitragsseite."
2033,alt,daenemark_2040,68.600,1.520,48.939,18.207,525.341,2094.848,83.992,3.892,0.208825,"Screeningmodell: spaeteres Rentenalter verschiebt pauschal 0,95 Mio. Personen je Altersjahr von Renten- auf Beitragsseite."
2034,alt,status_quo_67,67.000,0.000,46.999,20.042,594.466,2082.156,79.464,3.989,0.245425,"Screeningmodell: spaeteres Rentenalter verschiebt pauschal 0,95 Mio. Personen je Altersjahr von Renten- auf Beitragsseite."
2034,alt,finnland_ratio_light,67.875,0.831,47.831,19.210,569.810,2118.982,79.464,3.989,0.229524,"Screeningmodell: spaeteres Rentenalter verschiebt pauschal 0,95 Mio. Personen je Altersjahr von Renten- auf Beitragsseite."
2034,alt,daenemark_2040,68.800,1.710,48.709,18.332,543.745,2157.912,79.464,3.989,0.213305,"Screeningmodell: spaeteres Rentenalter verschiebt pauschal 0,95 Mio. Personen je Altersjahr von Renten- auf Beitragsseite."
2035,alt,status_quo_67,67.000,0.000,46.579,20.356,620.703,2135.510,75.003,4.089,0.253622,"Screeningmodell: spaeteres Rentenalter verschiebt pauschal 0,95 Mio. Personen je Altersjahr von Renten- auf Beitragsseite."
2035,alt,finnland_ratio_light,68.000,0.950,47.529,19.406,591.736,2179.064,75.003,4.089,0.235259,"Screeningmodell: spaeteres Rentenalter verschiebt pauschal 0,95 Mio. Personen je Altersjahr von Renten- auf Beitragsseite."
2035,alt,daenemark_2040,69.000,1.900,48.479,18.456,562.769,2222.618,75.003,4.089,0.217616,"Screeningmodell: spaeteres Rentenalter verschiebt pauschal 0,95 Mio. Personen je Altersjahr von Renten- auf Beitragsseite."
2036,alt,status_quo_67,67.000,0.000,46.159,20.671,647.943,2171.049,70.625,4.191,0.263987,"Screeningmodell: spaeteres Rentenalter verschiebt pauschal 0,95 Mio. Personen je Altersjahr von Renten- auf Beitragsseite."
2036,alt,finnland_ratio_light,68.100,1.045,47.204,19.626,615.187,2220.199,70.625,4.191,0.243389,"Screeningmodell: spaeteres Rentenalter verschiebt pauschal 0,95 Mio. Personen je Altersjahr von Renten- auf Beitragsseite."
2036,alt,daenemark_2040,69.200,2.090,48.249,18.581,582.431,2269.350,70.625,4.191,0.223683,"Screeningmodell: spaeteres Rentenalter verschiebt pauschal 0,95 Mio. Personen je Altersjahr von Renten- auf Beitragsseite."
2037,alt,status_quo_67,67.000,0.000,45.739,20.985,676.222,2206.996,66.341,4.296,0.274394,"Screeningmodell: spaeteres Rentenalter verschiebt pauschal 0,95 Mio. Personen je Altersjahr von Renten- auf Beitragsseite."
2037,alt,finnland_ratio_light,68.200,1.140,46.879,19.845,639.488,2262.003,66.341,4.296,0.251481,"Screeningmodell: spaeteres Rentenalter verschiebt pauschal 0,95 Mio. Personen je Altersjahr von Renten- auf Beitragsseite."
2037,alt,daenemark_2040,69.400,2.280,48.019,18.705,602.753,2317.010,66.341,4.296,0.229657,"Screeningmodell: spaeteres Rentenalter verschiebt pauschal 0,95 Mio. Personen je Altersjahr von Renten- auf Beitragsseite."
2038,alt,status_quo_67,67.000,0.000,45.319,21.300,705.577,2243.346,62.165,4.403,0.284846,"Screeningmodell: spaeteres Rentenalter verschiebt pauschal 0,95 Mio. Personen je Altersjahr von Renten- auf Beitragsseite."
2038,alt,finnland_ratio_light,68.300,1.235,46.554,20.065,664.667,2304.480,62.165,4.403,0.259537,"Screeningmodell: spaeteres Rentenalter verschiebt pauschal 0,95 Mio. Personen je Altersjahr von Renten- auf Beitragsseite."
2038,alt,daenemark_2040,69.600,2.470,47.789,18.830,623.757,2365.614,62.165,4.403,0.235536,"Screeningmodell: spaeteres Rentenalter verschiebt pauschal 0,95 Mio. Personen je Altersjahr von Renten- auf Beitragsseite."
2039,alt,status_quo_67,67.000,0.000,45.062,21.316,725.865,2288.387,58.108,4.513,0.289831,"Screeningmodell: spaeteres Rentenalter verschiebt pauschal 0,95 Mio. Personen je Altersjahr von Renten- auf Beitragsseite."
2039,alt,finnland_ratio_light,68.400,1.330,46.392,19.986,680.575,2355.928,58.108,4.513,0.262297,"Screeningmodell: spaeteres Rentenalter verschiebt pauschal 0,95 Mio. Personen je Altersjahr von Renten- auf Beitragsseite."
2039,alt,daenemark_2040,69.800,2.660,47.722,18.656,635.284,2423.469,58.108,4.513,0.236299,"Screeningmodell: spaeteres Rentenalter verschiebt pauschal 0,95 Mio. Personen je Altersjahr von Renten- auf Beitragsseite."
2040,alt,status_quo_67,67.000,0.000,44.805,21.331,743.105,2334.253,54.176,4.626,0.293157,"Screeningmodell: spaeteres Rentenalter verschiebt pauschal 0,95 Mio. Personen je Altersjahr von Renten- auf Beitragsseite."
2040,alt,finnland_ratio_light,68.500,1.425,46.230,19.906,693.463,2408.492,54.176,4.626,0.263510,"Screeningmodell: spaeteres Rentenalter verschiebt pauschal 0,95 Mio. Personen je Altersjahr von Renten- auf Beitragsseite."
2040,alt,daenemark_2040,70.000,2.850,47.655,18.481,643.821,2482.731,54.176,4.626,0.235635,"Screeningmodell: spaeteres Rentenalter verschiebt pauschal 0,95 Mio. Personen je Altersjahr von Renten- auf Beitragsseite."
2041,alt,status_quo_67,67.000,0.000,44.549,21.347,760.753,2380.960,50.374,4.742,0.296367,"Screeningmodell: spaeteres Rentenalter verschiebt pauschal 0,95 Mio. Personen je Altersjahr von Renten- auf Beitragsseite."
2041,alt,finnland_ratio_light,68.600,1.520,46.069,19.827,706.584,2462.198,50.374,4.742,0.264588,"Screeningmodell: spaeteres Rentenalter verschiebt pauschal 0,95 Mio. Personen je Altersjahr von Renten- auf Beitragsseite."
2041,alt,daenemark_2040,70.067,2.913,47.462,18.434,656.928,2536.667,50.374,4.742,0.237246,"Screeningmodell: spaeteres Rentenalter verschiebt pauschal 0,95 Mio. Personen je Altersjahr von Renten- auf Beitragsseite."
2042,alt,status_quo_67,67.000,0.000,44.292,21.363,778.820,2428.518,46.704,4.860,0.299465,"Screeningmodell: spaeteres Rentenalter verschiebt pauschal 0,95 Mio. Personen je Altersjahr von Renten- auf Beitragsseite."
2042,alt,finnland_ratio_light,68.700,1.615,45.907,19.748,719.941,2517.068,46.704,4.860,0.265538,"Screeningmodell: spaeteres Rentenalter verschiebt pauschal 0,95 Mio. Personen je Altersjahr von Renten- auf Beitragsseite."
2042,alt,daenemark_2040,70.133,2.977,47.268,18.386,670.298,2591.728,46.704,4.860,0.238734,"Screeningmodell: spaeteres Rentenalter verschiebt pauschal 0,95 Mio. Personen je Altersjahr von Renten- auf Beitragsseite."
2043,alt,status_quo_67,67.000,0.000,44.035,21.378,797.315,2476.941,43.166,4.982,0.302457,"Screeningmodell: spaeteres Rentenalter verschiebt pauschal 0,95 Mio. Personen je Altersjahr von Renten- auf Beitragsseite."
2043,alt,finnland_ratio_light,68.800,1.710,45.745,19.668,733.539,2573.127,43.166,4.982,0.266365,"Screeningmodell: spaeteres Rentenalter verschiebt pauschal 0,95 Mio. Personen je Altersjahr von Renten- auf Beitragsseite."
2043,alt,daenemark_2040,70.200,3.040,47.075,18.338,683.936,2647.939,43.166,4.982,0.240107,"Screeningmodell: spaeteres Rentenalter verschiebt pauschal 0,95 Mio. Personen je Altersjahr von Renten- auf Beitragsseite."
2044,alt,status_quo_67,67.000,0.000,43.778,21.394,816.250,2526.241,39.759,5.106,0.305349,"Screeningmodell: spaeteres Rentenalter verschiebt pauschal 0,95 Mio. Personen je Altersjahr von Renten- auf Beitragsseite."
2044,alt,finnland_ratio_light,68.900,1.805,45.583,19.589,747.382,2630.400,39.759,5.106,0.267076,"Screeningmodell: spaeteres Rentenalter verschiebt pauschal 0,95 Mio. Personen je Altersjahr von Renten- auf Beitragsseite."
2044,alt,daenemark_2040,70.267,3.103,46.881,18.290,697.846,2705.321,39.759,5.106,0.241369,"Screeningmodell: spaeteres Rentenalter verschiebt pauschal 0,95 Mio. Personen je Altersjahr von Renten- auf Beitragsseite."
2045,alt,status_quo_67,67.000,0.000,43.521,21.409,835.633,2576.433,36.483,5.234,0.308146,"Screeningmodell: spaeteres Rentenalter verschiebt pauschal 0,95 Mio. Personen je Altersjahr von Renten- auf Beitragsseite."
2045,alt,finnland_ratio_light,69.000,1.900,45.421,19.509,761.474,2688.912,36.483,5.234,0.267676,"Screeningmodell: spaeteres Rentenalter verschiebt pauschal 0,95 Mio. Personen je Altersjahr von Renten- auf Beitragsseite."
2045,alt,daenemark_2040,70.333,3.167,46.688,18.243,712.035,2763.898,36.483,5.234,0.242526,"Screeningmodell: spaeteres Rentenalter verschiebt pauschal 0,95 Mio. Personen je Altersjahr von Renten- auf Beitragsseite."
2046,alt,status_quo_67,67.000,0.000,43.264,21.425,855.477,2627.195,33.337,5.365,0.310893,"Screeningmodell: spaeteres Rentenalter verschiebt pauschal 0,95 Mio. Personen je Altersjahr von Renten- auf Beitragsseite."
2046,alt,finnland_ratio_light,69.100,1.995,45.259,19.430,775.819,2748.339,33.337,5.365,0.268205,"Screeningmodell: spaeteres Rentenalter verschiebt pauschal 0,95 Mio. Personen je Altersjahr von Renten- auf Beitragsseite."
2046,alt,daenemark_2040,70.400,3.230,46.494,18.195,726.506,2823.334,33.337,5.365,0.243615,"Screeningmodell: spaeteres Rentenalter verschiebt pauschal 0,95 Mio. Personen je Altersjahr von Renten- auf Beitragsseite."
2047,alt,status_quo_67,67.000,0.000,43.008,21.441,875.791,2678.861,30.322,5.499,0.313555,"Screeningmodell: spaeteres Rentenalter verschiebt pauschal 0,95 Mio. Personen je Altersjahr von Renten- auf Beitragsseite."
2047,alt,finnland_ratio_light,69.200,2.090,45.098,19.351,790.420,2809.043,30.322,5.499,0.268632,"Screeningmodell: spaeteres Rentenalter verschiebt pauschal 0,95 Mio. Personen je Altersjahr von Renten- auf Beitragsseite."
2047,alt,daenemark_2040,70.467,3.293,46.301,18.147,741.267,2883.997,30.322,5.499,0.244607,"Screeningmodell: spaeteres Rentenalter verschiebt pauschal 0,95 Mio. Personen je Altersjahr von Renten- auf Beitragsseite."
2048,alt,status_quo_67,67.000,0.000,42.751,21.456,896.587,2731.445,27.441,5.636,0.316137,"Screeningmodell: spaeteres Rentenalter verschiebt pauschal 0,95 Mio. Personen je Altersjahr von Renten- auf Beitragsseite."
2048,alt,finnland_ratio_light,69.300,2.185,44.936,19.271,805.283,2871.050,27.441,5.636,0.268963,"Screeningmodell: spaeteres Rentenalter verschiebt pauschal 0,95 Mio. Personen je Altersjahr von Renten- auf Beitragsseite."
2048,alt,daenemark_2040,70.533,3.357,46.107,18.100,756.323,2945.910,27.441,5.636,0.245508,"Screeningmodell: spaeteres Rentenalter verschiebt pauschal 0,95 Mio. Personen je Altersjahr von Renten- auf Beitragsseite."
2049,alt,status_quo_67,67.000,0.000,42.494,21.472,917.877,2784.958,24.700,5.777,0.318640,"Screeningmodell: spaeteres Rentenalter verschiebt pauschal 0,95 Mio. Personen je Altersjahr von Renten- auf Beitragsseite."
2049,alt,finnland_ratio_light,69.400,2.280,44.774,19.192,820.411,2934.385,24.700,5.777,0.269199,"Screeningmodell: spaeteres Rentenalter verschiebt pauschal 0,95 Mio. Personen je Altersjahr von Renten- auf Beitragsseite."
2049,alt,daenemark_2040,70.600,3.420,45.914,18.052,771.679,3009.098,24.700,5.777,0.246320,"Screeningmodell: spaeteres Rentenalter verschiebt pauschal 0,95 Mio. Personen je Altersjahr von Renten- auf Beitragsseite."
2050,alt,status_quo_67,67.000,0.000,42.237,21.488,939.671,2839.415,22.104,5.921,0.321068,"Screeningmodell: spaeteres Rentenalter verschiebt pauschal 0,95 Mio. Personen je Altersjahr von Renten- auf Beitragsseite."
2050,alt,finnland_ratio_light,69.500,2.375,44.612,19.113,835.810,2999.076,22.104,5.921,0.269344,"Screeningmodell: spaeteres Rentenalter verschiebt pauschal 0,95 Mio. Personen je Altersjahr von Renten- auf Beitragsseite."
2050,alt,daenemark_2040,70.667,3.483,45.720,18.004,787.341,3073.585,22.104,5.921,0.247046,"Screeningmodell: spaeteres Rentenalter verschiebt pauschal 0,95 Mio. Personen je Altersjahr von Renten- auf Beitragsseite."
2051,alt,status_quo_67,67.000,0.000,41.980,21.503,961.982,2894.828,19.663,6.070,0.323422,"Screeningmodell: spaeteres Rentenalter verschiebt pauschal 0,95 Mio. Personen je Altersjahr von Renten- auf Beitragsseite."
2051,alt,finnland_ratio_light,69.600,2.470,44.450,19.033,851.482,3065.152,19.663,6.070,0.269399,"Screeningmodell: spaeteres Rentenalter verschiebt pauschal 0,95 Mio. Personen je Altersjahr von Renten- auf Beitragsseite."
2051,alt,daenemark_2040,70.733,3.547,45.527,17.956,803.316,3139.396,19.663,6.070,0.247686,"Screeningmodell: spaeteres Rentenalter verschiebt pauschal 0,95 Mio. Personen je Altersjahr von Renten- auf Beitragsseite."
2052,alt,status_quo_67,67.000,0.000,41.723,21.519,984.823,2951.210,17.384,6.221,0.325703,"Screeningmodell: spaeteres Rentenalter verschiebt pauschal 0,95 Mio. Personen je Altersjahr von Renten- auf Beitragsseite."
2052,alt,finnland_ratio_light,69.700,2.565,44.288,18.954,867.434,3132.641,17.384,6.221,0.269366,"Screeningmodell: spaeteres Rentenalter verschiebt pauschal 0,95 Mio. Personen je Altersjahr von Renten- auf Beitragsseite."
2052,alt,daenemark_2040,70.800,3.610,45.333,17.909,819.609,3206.556,17.384,6.221,0.248242,"Screeningmodell: spaeteres Rentenalter verschiebt pauschal 0,95 Mio. Personen je Altersjahr von Renten- auf Beitragsseite."
2053,alt,status_quo_67,67.000,0.000,41.466,21.534,1008.206,3008.575,15.279,6.377,0.327913,"Screeningmodell: spaeteres Rentenalter verschiebt pauschal 0,95 Mio. Personen je Altersjahr von Renten- auf Beitragsseite."
2053,alt,finnland_ratio_light,69.800,2.660,44.126,18.874,883.669,3201.570,15.279,6.377,0.269247,"Screeningmodell: spaeteres Rentenalter verschiebt pauschal 0,95 Mio. Personen je Altersjahr von Renten- auf Beitragsseite."
2053,alt,daenemark_2040,70.867,3.673,45.140,17.861,836.226,3275.092,15.279,6.377,0.248717,"Screeningmodell: spaeteres Rentenalter verschiebt pauschal 0,95 Mio. Personen je Altersjahr von Renten- auf Beitragsseite."
2054,alt,status_quo_67,67.000,0.000,41.210,21.550,1032.143,3066.936,13.356,6.536,0.330053,"Screeningmodell: spaeteres Rentenalter verschiebt pauschal 0,95 Mio. Personen je Altersjahr von Renten- auf Beitragsseite."
2054,alt,finnland_ratio_light,69.900,2.755,43.965,18.795,900.191,3271.971,13.356,6.536,0.269042,"Screeningmodell: spaeteres Rentenalter verschiebt pauschal 0,95 Mio. Personen je Altersjahr von Renten- auf Beitragsseite."
2054,alt,daenemark_2040,70.933,3.737,44.946,17.813,853.174,3345.030,13.356,6.536,0.249110,"Screeningmodell: spaeteres Rentenalter verschiebt pauschal 0,95 Mio. Personen je Altersjahr von Renten- auf Beitragsseite."
2055,alt,status_quo_67,67.000,0.000,40.953,21.566,1056.648,3126.306,11.620,6.700,0.332126,"Screeningmodell: spaeteres Rentenalter verschiebt pauschal 0,95 Mio. Personen je Altersjahr von Renten- auf Beitragsseite."
2055,alt,finnland_ratio_light,70.000,2.850,43.803,18.716,917.007,3343.873,11.620,6.700,0.268756,"Screeningmodell: spaeteres Rentenalter verschiebt pauschal 0,95 Mio. Personen je Altersjahr von Renten- auf Beitragsseite."
2055,alt,daenemark_2040,71.000,3.800,44.753,17.766,870.460,3416.395,11.620,6.700,0.249427,"Screeningmodell: spaeteres Rentenalter verschiebt pauschal 0,95 Mio. Personen je Altersjahr von Renten- auf Beitragsseite."
2056,alt,status_quo_67,67.000,0.000,40.696,21.581,1081.734,3186.697,10.073,6.867,0.334137,"Screeningmodell: spaeteres Rentenalter verschiebt pauschal 0,95 Mio. Personen je Altersjahr von Renten- auf Beitragsseite."
2056,alt,finnland_ratio_light,70.100,2.945,43.641,18.636,934.119,3417.306,10.073,6.867,0.268393,"Screeningmodell: spaeteres Rentenalter verschiebt pauschal 0,95 Mio. Personen je Altersjahr von Renten- auf Beitragsseite."
2056,alt,daenemark_2040,71.067,3.863,44.559,17.718,888.089,3489.216,10.073,6.867,0.249669,"Screeningmodell: spaeteres Rentenalter verschiebt pauschal 0,95 Mio. Personen je Altersjahr von Renten- auf Beitragsseite."
2057,alt,status_quo_67,67.000,0.000,40.439,21.597,1107.415,3248.125,8.712,7.039,0.336090,"Screeningmodell: spaeteres Rentenalter verschiebt pauschal 0,95 Mio. Personen je Altersjahr von Renten- auf Beitragsseite."
2057,alt,finnland_ratio_light,70.200,3.040,43.479,18.557,951.534,3492.302,8.712,7.039,0.267956,"Screeningmodell: spaeteres Rentenalter verschiebt pauschal 0,95 Mio. Personen je Altersjahr von Renten- auf Beitragsseite."
2057,alt,daenemark_2040,71.133,3.927,44.366,17.670,906.069,3563.520,8.712,7.039,0.249842,"Screeningmodell: spaeteres Rentenalter verschiebt pauschal 0,95 Mio. Personen je Altersjahr von Renten- auf Beitragsseite."
2058,alt,status_quo_67,67.000,0.000,40.182,21.613,1133.705,3310.601,7.533,7.215,0.337992,"Screeningmodell: spaeteres Rentenalter verschiebt pauschal 0,95 Mio. Personen je Altersjahr von Renten- auf Beitragsseite."
2058,alt,finnland_ratio_light,70.300,3.135,43.317,18.478,969.255,3568.893,7.533,7.215,0.267452,"Screeningmodell: spaeteres Rentenalter verschiebt pauschal 0,95 Mio. Personen je Altersjahr von Renten- auf Beitragsseite."
2058,alt,daenemark_2040,71.200,3.990,44.172,17.623,924.406,3639.336,7.533,7.215,0.249952,"Screeningmodell: spaeteres Rentenalter verschiebt pauschal 0,95 Mio. Personen je Altersjahr von Renten- auf Beitragsseite."
2059,alt,status_quo_67,67.000,0.000,39.925,21.628,1160.619,3374.139,6.524,7.395,0.339850,"Screeningmodell: spaeteres Rentenalter verschiebt pauschal 0,95 Mio. Personen je Altersjahr von Renten- auf Beitragsseite."
2059,alt,finnland_ratio_light,70.400,3.230,43.155,18.398,987.289,3647.110,6.524,7.395,0.266888,"Screeningmodell: spaeteres Rentenalter verschiebt pauschal 0,95 Mio. Personen je Altersjahr von Renten- auf Beitragsseite."
2059,alt,daenemark_2040,71.267,4.053,43.979,17.575,943.107,3716.691,6.524,7.395,0.250004,"Screeningmodell: spaeteres Rentenalter verschiebt pauschal 0,95 Mio. Personen je Altersjahr von Renten- auf Beitragsseite."
2060,alt,status_quo_67,67.000,0.000,39.668,21.644,1188.171,3438.752,5.670,7.580,0.341671,"Screeningmodell: spaeteres Rentenalter verschiebt pauschal 0,95 Mio. Personen je Altersjahr von Renten- auf Beitragsseite."
2060,alt,finnland_ratio_light,70.500,3.325,42.993,18.319,1005.639,3726.987,5.670,7.580,0.266271,"Screeningmodell: spaeteres Rentenalter verschiebt pauschal 0,95 Mio. Personen je Altersjahr von Renten- auf Beitragsseite."
2060,alt,daenemark_2040,71.333,4.117,43.785,17.527,962.179,3795.614,5.670,7.580,0.250007,"Screeningmodell: spaeteres Rentenalter verschiebt pauschal 0,95 Mio. Personen je Altersjahr von Renten- auf Beitragsseite."
2061,alt,status_quo_67,67.000,0.000,39.412,21.659,1216.376,3504.454,4.954,7.770,0.343464,"Screeningmodell: spaeteres Rentenalter verschiebt pauschal 0,95 Mio. Personen je Altersjahr von Renten- auf Beitragsseite."
2061,alt,finnland_ratio_light,70.600,3.420,42.832,18.239,1024.311,3808.558,4.954,7.770,0.265609,"Screeningmodell: spaeteres Rentenalter verschiebt pauschal 0,95 Mio. Personen je Altersjahr von Renten- auf Beitragsseite."
2061,alt,daenemark_2040,71.400,4.180,43.592,17.479,981.630,3876.136,4.954,7.770,0.249967,"Screeningmodell: spaeteres Rentenalter verschiebt pauschal 0,95 Mio. Personen je Altersjahr von Renten- auf Beitragsseite."
2062,alt,status_quo_67,67.000,0.000,39.155,21.675,1245.250,3571.257,4.358,7.964,0.345237,"Screeningmodell: spaeteres Rentenalter verschiebt pauschal 0,95 Mio. Personen je Altersjahr von Renten- auf Beitragsseite."
2062,alt,finnland_ratio_light,70.700,3.515,42.670,18.160,1043.310,3891.856,4.358,7.964,0.264909,"Screeningmodell: spaeteres Rentenalter verschiebt pauschal 0,95 Mio. Personen je Altersjahr von Renten- auf Beitragsseite."
2062,alt,daenemark_2040,71.467,4.243,43.398,17.432,1001.467,3958.286,4.358,7.964,0.249892,"Screeningmodell: spaeteres Rentenalter verschiebt pauschal 0,95 Mio. Personen je Altersjahr von Renten- auf Beitragsseite."
2063,alt,status_quo_67,67.000,0.000,38.898,21.691,1274.809,3639.176,3.863,8.163,0.346997,"Screeningmodell: spaeteres Rentenalter verschiebt pauschal 0,95 Mio. Personen je Altersjahr von Renten- auf Beitragsseite."
2063,alt,finnland_ratio_light,70.800,3.610,42.508,18.081,1062.641,3976.917,3.863,8.163,0.264178,"Screeningmodell: spaeteres Rentenalter verschiebt pauschal 0,95 Mio. Personen je Altersjahr von Renten- auf Beitragsseite."
2063,alt,daenemark_2040,71.533,4.307,43.205,17.384,1021.696,4042.095,3.863,8.163,0.249789,"Screeningmodell: spaeteres Rentenalter verschiebt pauschal 0,95 Mio. Personen je Altersjahr von Renten- auf Beitragsseite."
2064,alt,status_quo_67,67.000,0.000,38.641,21.706,1305.069,3708.222,3.452,8.367,0.348752,"Screeningmodell: spaeteres Rentenalter verschiebt pauschal 0,95 Mio. Personen je Altersjahr von Renten- auf Beitragsseite."
2064,alt,finnland_ratio_light,70.900,3.705,42.346,18.001,1082.310,4063.776,3.452,8.367,0.263423,"Screeningmodell: spaeteres Rentenalter verschiebt pauschal 0,95 Mio. Personen je Altersjahr von Renten- auf Beitragsseite."
2064,alt,daenemark_2040,71.600,4.370,43.011,17.336,1042.327,4127.593,3.452,8.367,0.249663,"Screeningmodell: spaeteres Rentenalter verschiebt pauschal 0,95 Mio. Personen je Altersjahr von Renten- auf Beitragsseite."
2065,alt,status_quo_67,67.000,0.000,38.384,21.722,1336.047,3778.410,3.109,8.576,0.350508,"Screeningmodell: spaeteres Rentenalter verschiebt pauschal 0,95 Mio. Personen je Altersjahr von Renten- auf Beitragsseite."
2065,alt,finnland_ratio_light,71.000,3.800,42.184,17.922,1102.321,4152.469,3.109,8.576,0.262647,"Screeningmodell: spaeteres Rentenalter verschiebt pauschal 0,95 Mio. Personen je Altersjahr von Renten- auf Beitragsseite."
2065,alt,daenemark_2040,71.667,4.433,42.818,17.289,1063.366,4214.812,3.109,8.576,0.249520,"Screeningmodell: spaeteres Rentenalter verschiebt pauschal 0,95 Mio. Personen je Altersjahr von Renten- auf Beitragsseite."
2066,alt,status_quo_67,67.000,0.000,38.127,21.738,1367.759,3849.752,2.821,8.790,0.352269,"Screeningmodell: spaeteres Rentenalter verschiebt pauschal 0,95 Mio. Personen je Altersjahr von Renten- auf Beitragsseite."
2066,alt,finnland_ratio_light,71.000,3.800,41.927,17.938,1128.657,4233.440,2.821,8.790,0.263862,"Screeningmodell: spaeteres Rentenalter verschiebt pauschal 0,95 Mio. Personen je Altersjahr von Renten- auf Beitragsseite."
2066,alt,daenemark_2040,71.733,4.497,42.624,17.241,1084.822,4303.783,2.821,8.790,0.249364,"Screeningmodell: spaeteres Rentenalter verschiebt pauschal 0,95 Mio. Personen je Altersjahr von Renten- auf Beitragsseite."
2067,alt,status_quo_67,67.000,0.000,37.871,21.753,1400.224,3922.260,2.576,9.010,0.354040,"Screeningmodell: spaeteres Rentenalter verschiebt pauschal 0,95 Mio. Personen je Altersjahr von Renten- auf Beitragsseite."
2067,alt,finnland_ratio_light,71.000,3.800,41.671,17.953,1155.622,4315.827,2.576,9.010,0.265079,"Screeningmodell: spaeteres Rentenalter verschiebt pauschal 0,95 Mio. Personen je Altersjahr von Renten- auf Beitragsseite."
2067,alt,daenemark_2040,71.800,4.560,42.431,17.193,1106.702,4394.540,2.576,9.010,0.249199,"Screeningmodell: spaeteres Rentenalter verschiebt pauschal 0,95 Mio. Personen je Altersjahr von Renten- auf Beitragsseite."
2068,alt,status_quo_67,67.000,0.000,37.614,21.769,1433.458,3995.948,2.366,9.236,0.355824,"Screeningmodell: spaeteres Rentenalter verschiebt pauschal 0,95 Mio. Personen je Altersjahr von Renten- auf Beitragsseite."
2068,alt,finnland_ratio_light,71.000,3.800,41.414,17.969,1183.230,4399.647,2.366,9.236,0.266301,"Screeningmodell: spaeteres Rentenalter verschiebt pauschal 0,95 Mio. Personen je Altersjahr von Renten- auf Beitragsseite."
2068,alt,daenemark_2040,71.867,4.623,42.237,17.145,1129.014,4487.115,2.366,9.236,0.249027,"Screeningmodell: spaeteres Rentenalter verschiebt pauschal 0,95 Mio. Personen je Altersjahr von Renten- auf Beitragsseite."
2069,alt,status_quo_67,67.000,0.000,37.357,21.784,1467.480,4070.829,2.184,9.466,0.357625,"Screeningmodell: spaeteres Rentenalter verschiebt pauschal 0,95 Mio. Personen je Altersjahr von Renten- auf Beitragsseite."
2069,alt,finnland_ratio_light,71.000,3.800,41.157,17.984,1211.497,4484.921,2.184,9.466,0.267529,"Screeningmodell: spaeteres Rentenalter verschiebt pauschal 0,95 Mio. Personen je Altersjahr von Renten- auf Beitragsseite."
2069,alt,daenemark_2040,71.933,4.687,42.044,17.098,1151.768,4581.542,2.184,9.466,0.248850,"Screeningmodell: spaeteres Rentenalter verschiebt pauschal 0,95 Mio. Personen je Altersjahr von Renten- auf Beitragsseite."
2070,alt,status_quo_67,67.000,0.000,37.100,21.800,1502.308,4146.915,2.024,9.703,0.359443,"Screeningmodell: spaeteres Rentenalter verschiebt pauschal 0,95 Mio. Personen je Altersjahr von Renten- auf Beitragsseite."
2070,alt,finnland_ratio_light,71.000,3.800,40.900,18.000,1240.438,4571.666,2.024,9.703,0.268767,"Screeningmodell: spaeteres Rentenalter verschiebt pauschal 0,95 Mio. Personen je Altersjahr von Renten- auf Beitragsseite."
2070,alt,daenemark_2040,72.000,4.750,41.850,17.050,1174.971,4677.854,2.024,9.703,0.248670,"Screeningmodell: spaeteres Rentenalter verschiebt pauschal 0,95 Mio. Personen je Altersjahr von Renten- auf Beitragsseite."
