jahr,szenario,variante,ausgaben_mrd_euro,beitragsbasis_mrd_euro,zusatzbasis_mrd_euro,bundesmittel_mrd_euro,sonstige_einnahmen_mrd_euro,erforderlicher_beitragssatz,notiz
2027,jung,status_quo_bund_anteilig,431.952,1789.493,0.000,99.104,3.356,0.184126,Referenz: Bundesmittel behalten 2025er Ausgabenanteil.
2027,jung,reform_ohne_erweiterte_basis,431.952,1789.493,0.000,97.858,3.356,0.184822,Bestandsschutz-Zuschuss schmilzt; Beitragsbasis unverändert.
2027,jung,reform_mit_erwerbstaetigenbasis,431.952,1789.493,0.000,97.858,3.356,0.184822,Bestandsschutz schmilzt; Selbstständige und Neuzugänge öffentlicher Dienst erhöhen Beitragsbasis.
2028,jung,status_quo_bund_anteilig,450.516,1825.074,0.000,103.363,3.440,0.188328,Referenz: Bundesmittel behalten 2025er Ausgabenanteil.
2028,jung,reform_ohne_erweiterte_basis,450.516,1825.074,0.000,93.199,3.440,0.193897,Bestandsschutz-Zuschuss schmilzt; Beitragsbasis unverändert.
2028,jung,reform_mit_erwerbstaetigenbasis,450.516,1839.536,14.462,93.199,3.440,0.192373,Bestandsschutz schmilzt; Selbstständige und Neuzugänge öffentlicher Dienst erhöhen Beitragsbasis.
2029,jung,status_quo_bund_anteilig,469.781,1861.315,0.000,107.783,3.526,0.192591,Referenz: Bundesmittel behalten 2025er Ausgabenanteil.
2029,jung,reform_ohne_erweiterte_basis,469.781,1861.315,0.000,88.574,3.526,0.202911,Bestandsschutz-Zuschuss schmilzt; Beitragsbasis unverändert.
2029,jung,reform_mit_erwerbstaetigenbasis,469.781,1890.814,29.499,88.574,3.526,0.199746,Bestandsschutz schmilzt; Selbstständige und Neuzugänge öffentlicher Dienst erhöhen Beitragsbasis.
2030,jung,status_quo_bund_anteilig,489.772,1898.227,0.000,112.370,3.614,0.196915,Referenz: Bundesmittel behalten 2025er Ausgabenanteil.
2030,jung,reform_ohne_erweiterte_basis,489.772,1898.227,0.000,83.992,3.614,0.211864,Bestandsschutz-Zuschuss schmilzt; Beitragsbasis unverändert.
2030,jung,reform_mit_erwerbstaetigenbasis,489.772,1943.353,45.126,83.992,3.614,0.206945,Bestandsschutz schmilzt; Selbstständige und Neuzugänge öffentlicher Dienst erhöhen Beitragsbasis.
2031,jung,status_quo_bund_anteilig,510.515,1935.822,0.000,117.129,3.704,0.201300,Referenz: Bundesmittel behalten 2025er Ausgabenanteil.
2031,jung,reform_ohne_erweiterte_basis,510.515,1935.822,0.000,79.464,3.704,0.220757,Bestandsschutz-Zuschuss schmilzt; Beitragsbasis unverändert.
2031,jung,reform_mit_erwerbstaetigenbasis,510.515,1997.182,61.359,79.464,3.704,0.213975,Bestandsschutz schmilzt; Selbstständige und Neuzugänge öffentlicher Dienst erhöhen Beitragsbasis.
2032,jung,status_quo_bund_anteilig,532.034,1974.110,0.000,122.066,3.797,0.205749,Referenz: Bundesmittel behalten 2025er Ausgabenanteil.
2032,jung,reform_ohne_erweiterte_basis,532.034,1974.110,0.000,75.003,3.797,0.229589,Bestandsschutz-Zuschuss schmilzt; Beitragsbasis unverändert.
2032,jung,reform_mit_erwerbstaetigenbasis,532.034,2052.327,78.216,75.003,3.797,0.220839,Bestandsschutz schmilzt; Selbstständige und Neuzugänge öffentlicher Dienst erhöhen Beitragsbasis.
2033,jung,status_quo_bund_anteilig,554.359,2013.103,0.000,127.188,3.892,0.210262,Referenz: Bundesmittel behalten 2025er Ausgabenanteil.
2033,jung,reform_ohne_erweiterte_basis,554.359,2013.103,0.000,70.625,3.892,0.238360,Bestandsschutz-Zuschuss schmilzt; Beitragsbasis unverändert.
2033,jung,reform_mit_erwerbstaetigenbasis,554.359,2108.816,95.713,70.625,3.892,0.227541,Bestandsschutz schmilzt; Selbstständige und Neuzugänge öffentlicher Dienst erhöhen Beitragsbasis.
2034,jung,status_quo_bund_anteilig,577.517,2052.812,0.000,132.501,3.989,0.214840,Referenz: Bundesmittel behalten 2025er Ausgabenanteil.
2034,jung,reform_ohne_erweiterte_basis,577.517,2052.812,0.000,66.341,3.989,0.247069,Bestandsschutz-Zuschuss schmilzt; Beitragsbasis unverändert.
2034,jung,reform_mit_erwerbstaetigenbasis,577.517,2166.680,113.868,66.341,3.989,0.234085,Bestandsschutz schmilzt; Selbstständige und Neuzugänge öffentlicher Dienst erhöhen Beitragsbasis.
2035,jung,status_quo_bund_anteilig,601.537,2093.247,0.000,138.012,4.089,0.219485,Referenz: Bundesmittel behalten 2025er Ausgabenanteil.
2035,jung,reform_ohne_erweiterte_basis,601.537,2093.247,0.000,62.165,4.089,0.255719,Bestandsschutz-Zuschuss schmilzt; Beitragsbasis unverändert.
2035,jung,reform_mit_erwerbstaetigenbasis,601.537,2225.946,132.698,62.165,4.089,0.240474,Bestandsschutz schmilzt; Selbstständige und Neuzugänge öffentlicher Dienst erhöhen Beitragsbasis.
2036,jung,status_quo_bund_anteilig,626.449,2134.422,0.000,143.728,4.191,0.224197,Referenz: Bundesmittel behalten 2025er Ausgabenanteil.
2036,jung,reform_ohne_erweiterte_basis,626.449,2134.422,0.000,58.108,4.191,0.264311,Bestandsschutz-Zuschuss schmilzt; Beitragsbasis unverändert.
2036,jung,reform_mit_erwerbstaetigenbasis,626.449,2271.924,137.502,58.108,4.191,0.248314,Bestandsschutz schmilzt; Selbstständige und Neuzugänge öffentlicher Dienst erhöhen Beitragsbasis.
2037,jung,status_quo_bund_anteilig,652.285,2176.347,0.000,149.656,4.296,0.228977,Referenz: Bundesmittel behalten 2025er Ausgabenanteil.
2037,jung,reform_ohne_erweiterte_basis,652.285,2176.347,0.000,54.176,4.296,0.272849,Bestandsschutz-Zuschuss schmilzt; Beitragsbasis unverändert.
2037,jung,reform_mit_erwerbstaetigenbasis,652.285,2318.787,142.440,54.176,4.296,0.256088,Bestandsschutz schmilzt; Selbstständige und Neuzugänge öffentlicher Dienst erhöhen Beitragsbasis.
2038,jung,status_quo_bund_anteilig,679.077,2219.034,0.000,155.803,4.403,0.233827,Referenz: Bundesmittel behalten 2025er Ausgabenanteil.
2038,jung,reform_ohne_erweiterte_basis,679.077,2219.034,0.000,50.374,4.403,0.281339,Bestandsschutz-Zuschuss schmilzt; Beitragsbasis unverändert.
2038,jung,reform_mit_erwerbstaetigenbasis,679.077,2366.549,147.515,50.374,4.403,0.263802,Bestandsschutz schmilzt; Selbstständige und Neuzugänge öffentlicher Dienst erhöhen Beitragsbasis.
2039,jung,status_quo_bund_anteilig,697.665,2270.970,0.000,160.067,4.513,0.234739,Referenz: Bundesmittel behalten 2025er Ausgabenanteil.
2039,jung,reform_ohne_erweiterte_basis,697.665,2270.970,0.000,46.704,4.513,0.284657,Bestandsschutz-Zuschuss schmilzt; Beitragsbasis unverändert.
2039,jung,reform_mit_erwerbstaetigenbasis,697.665,2424.271,153.301,46.704,4.513,0.266657,Bestandsschutz schmilzt; Selbstständige und Neuzugänge öffentlicher Dienst erhöhen Beitragsbasis.
2040,jung,status_quo_bund_anteilig,713.276,2324.116,0.000,163.649,4.626,0.234498,Referenz: Bundesmittel behalten 2025er Ausgabenanteil.
2040,jung,reform_ohne_erweiterte_basis,713.276,2324.116,0.000,43.166,4.626,0.286339,Bestandsschutz-Zuschuss schmilzt; Beitragsbasis unverändert.
2040,jung,reform_mit_erwerbstaetigenbasis,713.276,2483.393,159.278,43.166,4.626,0.267974,Bestandsschutz schmilzt; Selbstständige und Neuzugänge öffentlicher Dienst erhöhen Beitragsbasis.
2041,jung,status_quo_bund_anteilig,729.236,2378.499,0.000,167.311,4.742,0.234258,Referenz: Bundesmittel behalten 2025er Ausgabenanteil.
2041,jung,reform_ohne_erweiterte_basis,729.236,2378.499,0.000,39.759,4.742,0.287885,Bestandsschutz-Zuschuss schmilzt; Beitragsbasis unverändert.
2041,jung,reform_mit_erwerbstaetigenbasis,729.236,2543.948,165.449,39.759,4.742,0.269162,Bestandsschutz schmilzt; Selbstständige und Neuzugänge öffentlicher Dienst erhöhen Beitragsbasis.
2042,jung,status_quo_bund_anteilig,745.552,2434.149,0.000,171.054,4.860,0.234019,Referenz: Bundesmittel behalten 2025er Ausgabenanteil.
2042,jung,reform_ohne_erweiterte_basis,745.552,2434.149,0.000,36.483,4.860,0.289304,Bestandsschutz-Zuschuss schmilzt; Beitragsbasis unverändert.
2042,jung,reform_mit_erwerbstaetigenbasis,745.552,2605.971,171.822,36.483,4.860,0.270229,Bestandsschutz schmilzt; Selbstständige und Neuzugänge öffentlicher Dienst erhöhen Beitragsbasis.
2043,jung,status_quo_bund_anteilig,762.234,2491.096,0.000,174.882,4.982,0.233781,Referenz: Bundesmittel behalten 2025er Ausgabenanteil.
2043,jung,reform_ohne_erweiterte_basis,762.234,2491.096,0.000,33.337,4.982,0.290601,Bestandsschutz-Zuschuss schmilzt; Beitragsbasis unverändert.
2043,jung,reform_mit_erwerbstaetigenbasis,762.234,2669.498,178.402,33.337,4.982,0.271180,Bestandsschutz schmilzt; Selbstständige und Neuzugänge öffentlicher Dienst erhöhen Beitragsbasis.
2044,jung,status_quo_bund_anteilig,779.288,2549.368,0.000,178.794,5.106,0.233543,Referenz: Bundesmittel behalten 2025er Ausgabenanteil.
2044,jung,reform_ohne_erweiterte_basis,779.288,2549.368,0.000,30.322,5.106,0.291782,Bestandsschutz-Zuschuss schmilzt; Beitragsbasis unverändert.
2044,jung,reform_mit_erwerbstaetigenbasis,779.288,2734.563,185.196,30.322,5.106,0.272022,Bestandsschutz schmilzt; Selbstständige und Neuzugänge öffentlicher Dienst erhöhen Beitragsbasis.
2045,jung,status_quo_bund_anteilig,796.724,2608.997,0.000,182.795,5.234,0.233306,Referenz: Bundesmittel behalten 2025er Ausgabenanteil.
2045,jung,reform_ohne_erweiterte_basis,796.724,2608.997,0.000,27.441,5.234,0.292852,Bestandsschutz-Zuschuss schmilzt; Beitragsbasis unverändert.
2045,jung,reform_mit_erwerbstaetigenbasis,796.724,2801.205,192.209,27.441,5.234,0.272757,Bestandsschutz schmilzt; Selbstständige und Neuzugänge öffentlicher Dienst erhöhen Beitragsbasis.
2046,jung,status_quo_bund_anteilig,814.550,2670.013,0.000,186.885,5.365,0.233070,Referenz: Bundesmittel behalten 2025er Ausgabenanteil.
2046,jung,reform_ohne_erweiterte_basis,814.550,2670.013,0.000,24.700,5.365,0.293813,Bestandsschutz-Zuschuss schmilzt; Beitragsbasis unverändert.
2046,jung,reform_mit_erwerbstaetigenbasis,814.550,2869.352,199.338,24.700,5.365,0.273402,Bestandsschutz schmilzt; Selbstständige und Neuzugänge öffentlicher Dienst erhöhen Beitragsbasis.
2047,jung,status_quo_bund_anteilig,832.774,2732.451,0.000,191.066,5.499,0.232835,Referenz: Bundesmittel behalten 2025er Ausgabenanteil.
2047,jung,reform_ohne_erweiterte_basis,832.774,2732.451,0.000,22.104,5.499,0.294670,Bestandsschutz-Zuschuss schmilzt; Beitragsbasis unverändert.
2047,jung,reform_mit_erwerbstaetigenbasis,832.774,2939.146,206.696,22.104,5.499,0.273947,Bestandsschutz schmilzt; Selbstständige und Neuzugänge öffentlicher Dienst erhöhen Beitragsbasis.
2048,jung,status_quo_bund_anteilig,851.405,2796.341,0.000,195.340,5.636,0.232600,Referenz: Bundesmittel behalten 2025er Ausgabenanteil.
2048,jung,reform_ohne_erweiterte_basis,851.405,2796.341,0.000,19.663,5.636,0.295424,Bestandsschutz-Zuschuss schmilzt; Beitragsbasis unverändert.
2048,jung,reform_mit_erwerbstaetigenbasis,851.405,3010.629,214.288,19.663,5.636,0.274397,Bestandsschutz schmilzt; Selbstständige und Neuzugänge öffentlicher Dienst erhöhen Beitragsbasis.
2049,jung,status_quo_bund_anteilig,870.453,2861.718,0.000,199.711,5.777,0.232366,Referenz: Bundesmittel behalten 2025er Ausgabenanteil.
2049,jung,reform_ohne_erweiterte_basis,870.453,2861.718,0.000,17.384,5.777,0.296078,Bestandsschutz-Zuschuss schmilzt; Beitragsbasis unverändert.
2049,jung,reform_mit_erwerbstaetigenbasis,870.453,3083.839,222.121,17.384,5.777,0.274752,Bestandsschutz schmilzt; Selbstständige und Neuzugänge öffentlicher Dienst erhöhen Beitragsbasis.
2050,jung,status_quo_bund_anteilig,889.927,2928.616,0.000,204.179,5.921,0.232132,Referenz: Bundesmittel behalten 2025er Ausgabenanteil.
2050,jung,reform_ohne_erweiterte_basis,889.927,2928.616,0.000,15.279,5.921,0.296634,Bestandsschutz-Zuschuss schmilzt; Beitragsbasis unverändert.
2050,jung,reform_mit_erwerbstaetigenbasis,889.927,3158.819,230.204,15.279,5.921,0.275016,Bestandsschutz schmilzt; Selbstständige und Neuzugänge öffentlicher Dienst erhöhen Beitragsbasis.
2051,jung,status_quo_bund_anteilig,909.836,2997.070,0.000,208.746,6.070,0.231900,Referenz: Bundesmittel behalten 2025er Ausgabenanteil.
2051,jung,reform_ohne_erweiterte_basis,909.836,2997.070,0.000,13.356,6.070,0.297094,Bestandsschutz-Zuschuss schmilzt; Beitragsbasis unverändert.
2051,jung,reform_mit_erwerbstaetigenbasis,909.836,3235.612,238.542,13.356,6.070,0.275191,Bestandsschutz schmilzt; Selbstständige und Neuzugänge öffentlicher Dienst erhöhen Beitragsbasis.
2052,jung,status_quo_bund_anteilig,930.190,3067.117,0.000,213.416,6.221,0.231668,Referenz: Bundesmittel behalten 2025er Ausgabenanteil.
2052,jung,reform_ohne_erweiterte_basis,930.190,3067.117,0.000,11.620,6.221,0.297461,Bestandsschutz-Zuschuss schmilzt; Beitragsbasis unverändert.
2052,jung,reform_mit_erwerbstaetigenbasis,930.190,3314.260,247.143,11.620,6.221,0.275280,Bestandsschutz schmilzt; Selbstständige und Neuzugänge öffentlicher Dienst erhöhen Beitragsbasis.
2053,jung,status_quo_bund_anteilig,950.999,3138.793,0.000,218.191,6.377,0.231437,Referenz: Bundesmittel behalten 2025er Ausgabenanteil.
2053,jung,reform_ohne_erweiterte_basis,950.999,3138.793,0.000,10.073,6.377,0.297742,Bestandsschutz-Zuschuss schmilzt; Beitragsbasis unverändert.
2053,jung,reform_mit_erwerbstaetigenbasis,950.999,3394.808,256.016,10.073,6.377,0.275288,Bestandsschutz schmilzt; Selbstständige und Neuzugänge öffentlicher Dienst erhöhen Beitragsbasis.
2054,jung,status_quo_bund_anteilig,972.274,3212.136,0.000,223.072,6.536,0.231206,Referenz: Bundesmittel behalten 2025er Ausgabenanteil.
2054,jung,reform_ohne_erweiterte_basis,972.274,3212.136,0.000,8.712,6.536,0.297940,Bestandsschutz-Zuschuss schmilzt; Beitragsbasis unverändert.
2054,jung,reform_mit_erwerbstaetigenbasis,972.274,3477.303,265.167,8.712,6.536,0.275220,Bestandsschutz schmilzt; Selbstständige und Neuzugänge öffentlicher Dienst erhöhen Beitragsbasis.
2055,jung,status_quo_bund_anteilig,994.023,3287.184,0.000,228.062,6.700,0.230976,Referenz: Bundesmittel behalten 2025er Ausgabenanteil.
2055,jung,reform_ohne_erweiterte_basis,994.023,3287.184,0.000,7.533,6.700,0.298064,Bestandsschutz-Zuschuss schmilzt; Beitragsbasis unverändert.
2055,jung,reform_mit_erwerbstaetigenbasis,994.023,3561.790,274.606,7.533,6.700,0.275084,Bestandsschutz schmilzt; Selbstständige und Neuzugänge öffentlicher Dienst erhöhen Beitragsbasis.
2056,jung,status_quo_bund_anteilig,1016.259,3363.977,0.000,233.163,6.867,0.230747,Referenz: Bundesmittel behalten 2025er Ausgabenanteil.
2056,jung,reform_ohne_erweiterte_basis,1016.259,3363.977,0.000,6.524,6.867,0.298120,Bestandsschutz-Zuschuss schmilzt; Beitragsbasis unverändert.
2056,jung,reform_mit_erwerbstaetigenbasis,1016.259,3648.317,284.340,6.524,6.867,0.274885,Bestandsschutz schmilzt; Selbstständige und Neuzugänge öffentlicher Dienst erhöhen Beitragsbasis.
2057,jung,status_quo_bund_anteilig,1038.992,3442.555,0.000,238.379,7.039,0.230519,Referenz: Bundesmittel behalten 2025er Ausgabenanteil.
2057,jung,reform_ohne_erweiterte_basis,1038.992,3442.555,0.000,5.670,7.039,0.298117,Bestandsschutz-Zuschuss schmilzt; Beitragsbasis unverändert.
2057,jung,reform_mit_erwerbstaetigenbasis,1038.992,3736.934,294.379,5.670,7.039,0.274633,Bestandsschutz schmilzt; Selbstständige und Neuzugänge öffentlicher Dienst erhöhen Beitragsbasis.
2058,jung,status_quo_bund_anteilig,1062.234,3522.960,0.000,243.711,7.215,0.230291,Referenz: Bundesmittel behalten 2025er Ausgabenanteil.
2058,jung,reform_ohne_erweiterte_basis,1062.234,3522.960,0.000,4.954,7.215,0.298063,Bestandsschutz-Zuschuss schmilzt; Beitragsbasis unverändert.
2058,jung,reform_mit_erwerbstaetigenbasis,1062.234,3827.690,304.730,4.954,7.215,0.274334,Bestandsschutz schmilzt; Selbstständige und Neuzugänge öffentlicher Dienst erhöhen Beitragsbasis.
2059,jung,status_quo_bund_anteilig,1085.994,3605.233,0.000,249.163,7.395,0.230065,Referenz: Bundesmittel behalten 2025er Ausgabenanteil.
2059,jung,reform_ohne_erweiterte_basis,1085.994,3605.233,0.000,4.358,7.395,0.297967,Bestandsschutz-Zuschuss schmilzt; Beitragsbasis unverändert.
2059,jung,reform_mit_erwerbstaetigenbasis,1085.994,3920.637,315.404,4.358,7.395,0.273997,Bestandsschutz schmilzt; Selbstständige und Neuzugänge öffentlicher Dienst erhöhen Beitragsbasis.
2060,jung,status_quo_bund_anteilig,1110.286,3689.418,0.000,254.736,7.580,0.229838,Referenz: Bundesmittel behalten 2025er Ausgabenanteil.
2060,jung,reform_ohne_erweiterte_basis,1110.286,3689.418,0.000,3.863,7.580,0.297837,Bestandsschutz-Zuschuss schmilzt; Beitragsbasis unverändert.
2060,jung,reform_mit_erwerbstaetigenbasis,1110.286,4015.827,326.409,3.863,7.580,0.273628,Bestandsschutz schmilzt; Selbstständige und Neuzugänge öffentlicher Dienst erhöhen Beitragsbasis.
2061,jung,status_quo_bund_anteilig,1135.120,3775.559,0.000,260.434,7.770,0.229613,Referenz: Bundesmittel behalten 2025er Ausgabenanteil.
2061,jung,reform_ohne_erweiterte_basis,1135.120,3775.559,0.000,3.452,7.770,0.297678,Bestandsschutz-Zuschuss schmilzt; Beitragsbasis unverändert.
2061,jung,reform_mit_erwerbstaetigenbasis,1135.120,4113.314,337.755,3.452,7.770,0.273234,Bestandsschutz schmilzt; Selbstständige und Neuzugänge öffentlicher Dienst erhöhen Beitragsbasis.
2062,jung,status_quo_bund_anteilig,1160.510,3863.701,0.000,266.259,7.964,0.229388,Referenz: Bundesmittel behalten 2025er Ausgabenanteil.
2062,jung,reform_ohne_erweiterte_basis,1160.510,3863.701,0.000,3.109,7.964,0.297496,Bestandsschutz-Zuschuss schmilzt; Beitragsbasis unverändert.
2062,jung,reform_mit_erwerbstaetigenbasis,1160.510,4213.154,349.453,3.109,7.964,0.272821,Bestandsschutz schmilzt; Selbstständige und Neuzugänge öffentlicher Dienst erhöhen Beitragsbasis.
2063,jung,status_quo_bund_anteilig,1186.467,3953.890,0.000,272.215,8.163,0.229164,Referenz: Bundesmittel behalten 2025er Ausgabenanteil.
2063,jung,reform_ohne_erweiterte_basis,1186.467,3953.890,0.000,2.821,8.163,0.297298,Bestandsschutz-Zuschuss schmilzt; Beitragsbasis unverändert.
2063,jung,reform_mit_erwerbstaetigenbasis,1186.467,4315.402,361.511,2.821,8.163,0.272393,Bestandsschutz schmilzt; Selbstständige und Neuzugänge öffentlicher Dienst erhöhen Beitragsbasis.
2064,jung,status_quo_bund_anteilig,1213.004,4046.175,0.000,278.303,8.367,0.228941,Referenz: Bundesmittel behalten 2025er Ausgabenanteil.
2064,jung,reform_ohne_erweiterte_basis,1213.004,4046.175,0.000,2.576,8.367,0.297086,Bestandsschutz-Zuschuss schmilzt; Beitragsbasis unverändert.
2064,jung,reform_mit_erwerbstaetigenbasis,1213.004,4420.116,373.941,2.576,8.367,0.271952,Bestandsschutz schmilzt; Selbstständige und Neuzugänge öffentlicher Dienst erhöhen Beitragsbasis.
2065,jung,status_quo_bund_anteilig,1240.135,4140.602,0.000,284.528,8.576,0.228718,Referenz: Bundesmittel behalten 2025er Ausgabenanteil.
2065,jung,reform_ohne_erweiterte_basis,1240.135,4140.602,0.000,2.366,8.576,0.296863,Bestandsschutz-Zuschuss schmilzt; Beitragsbasis unverändert.
2065,jung,reform_mit_erwerbstaetigenbasis,1240.135,4527.355,386.753,2.366,8.576,0.271503,Bestandsschutz schmilzt; Selbstständige und Neuzugänge öffentlicher Dienst erhöhen Beitragsbasis.
2066,jung,status_quo_bund_anteilig,1267.871,4237.222,0.000,290.892,8.790,0.228496,Referenz: Bundesmittel behalten 2025er Ausgabenanteil.
2066,jung,reform_ohne_erweiterte_basis,1267.871,4237.222,0.000,2.184,8.790,0.296632,Bestandsschutz-Zuschuss schmilzt; Beitragsbasis unverändert.
2066,jung,reform_mit_erwerbstaetigenbasis,1267.871,4637.181,399.959,2.184,8.790,0.271048,Bestandsschutz schmilzt; Selbstständige und Neuzugänge öffentlicher Dienst erhöhen Beitragsbasis.
2067,jung,status_quo_bund_anteilig,1296.228,4336.084,0.000,297.397,9.010,0.228275,Referenz: Bundesmittel behalten 2025er Ausgabenanteil.
2067,jung,reform_ohne_erweiterte_basis,1296.228,4336.084,0.000,2.024,9.010,0.296395,Bestandsschutz-Zuschuss schmilzt; Beitragsbasis unverändert.
2067,jung,reform_mit_erwerbstaetigenbasis,1296.228,4749.654,413.569,2.024,9.010,0.270587,Bestandsschutz schmilzt; Selbstständige und Neuzugänge öffentlicher Dienst erhöhen Beitragsbasis.
2068,jung,status_quo_bund_anteilig,1325.218,4437.242,0.000,304.049,9.236,0.228055,Referenz: Bundesmittel behalten 2025er Ausgabenanteil.
2068,jung,reform_ohne_erweiterte_basis,1325.218,4437.242,0.000,1.883,9.236,0.296152,Bestandsschutz-Zuschuss schmilzt; Beitragsbasis unverändert.
2068,jung,reform_mit_erwerbstaetigenbasis,1325.218,4864.838,427.596,1.883,9.236,0.270122,Bestandsschutz schmilzt; Selbstständige und Neuzugänge öffentlicher Dienst erhöhen Beitragsbasis.
2069,jung,status_quo_bund_anteilig,1354.856,4540.748,0.000,310.849,9.466,0.227835,Referenz: Bundesmittel behalten 2025er Ausgabenanteil.
2069,jung,reform_ohne_erweiterte_basis,1354.856,4540.748,0.000,1.759,9.466,0.295905,Bestandsschutz-Zuschuss schmilzt; Beitragsbasis unverändert.
2069,jung,reform_mit_erwerbstaetigenbasis,1354.856,4982.798,442.050,1.759,9.466,0.269654,Bestandsschutz schmilzt; Selbstständige und Neuzugänge öffentlicher Dienst erhöhen Beitragsbasis.
2070,jung,status_quo_bund_anteilig,1385.156,4646.655,0.000,317.801,9.703,0.227616,Referenz: Bundesmittel behalten 2025er Ausgabenanteil.
2070,jung,reform_ohne_erweiterte_basis,1385.156,4646.655,0.000,1.648,9.703,0.295655,Bestandsschutz-Zuschuss schmilzt; Beitragsbasis unverändert.
2070,jung,reform_mit_erwerbstaetigenbasis,1385.156,5103.600,456.945,1.648,9.703,0.269183,Bestandsschutz schmilzt; Selbstständige und Neuzugänge öffentlicher Dienst erhöhen Beitragsbasis.
2027,moderat,status_quo_bund_anteilig,434.047,1780.143,0.000,99.585,3.356,0.186000,Referenz: Bundesmittel behalten 2025er Ausgabenanteil.
2027,moderat,reform_ohne_erweiterte_basis,434.047,1780.143,0.000,97.858,3.356,0.186970,Bestandsschutz-Zuschuss schmilzt; Beitragsbasis unverändert.
2027,moderat,reform_mit_erwerbstaetigenbasis,434.047,1780.143,0.000,97.858,3.356,0.186970,Bestandsschutz schmilzt; Selbstständige und Neuzugänge öffentlicher Dienst erhöhen Beitragsbasis.
2028,moderat,status_quo_bund_anteilig,453.388,1812.295,0.000,104.022,3.440,0.190877,Referenz: Bundesmittel behalten 2025er Ausgabenanteil.
2028,moderat,reform_ohne_erweiterte_basis,453.388,1812.295,0.000,93.199,3.440,0.196849,Bestandsschutz-Zuschuss schmilzt; Beitragsbasis unverändert.
2028,moderat,reform_mit_erwerbstaetigenbasis,453.388,1826.656,14.361,93.199,3.440,0.195302,Bestandsschutz schmilzt; Selbstständige und Neuzugänge öffentlicher Dienst erhöhen Beitragsbasis.
2029,moderat,status_quo_bund_anteilig,473.472,1844.943,0.000,108.630,3.526,0.195842,Referenz: Bundesmittel behalten 2025er Ausgabenanteil.
2029,moderat,reform_ohne_erweiterte_basis,473.472,1844.943,0.000,88.574,3.526,0.206712,Bestandsschutz-Zuschuss schmilzt; Beitragsbasis unverändert.
2029,moderat,reform_mit_erwerbstaetigenbasis,473.472,1874.182,29.239,88.574,3.526,0.203487,Bestandsschutz schmilzt; Selbstständige und Neuzugänge öffentlicher Dienst erhöhen Beitragsbasis.
2030,moderat,status_quo_bund_anteilig,494.325,1878.090,0.000,113.415,3.614,0.200894,Referenz: Bundesmittel behalten 2025er Ausgabenanteil.
2030,moderat,reform_ohne_erweiterte_basis,494.325,1878.090,0.000,83.992,3.614,0.216560,Bestandsschutz-Zuschuss schmilzt; Beitragsbasis unverändert.
2030,moderat,reform_mit_erwerbstaetigenbasis,494.325,1922.737,44.647,83.992,3.614,0.211532,Bestandsschutz schmilzt; Selbstständige und Neuzugänge öffentlicher Dienst erhöhen Beitragsbasis.
2031,moderat,status_quo_bund_anteilig,515.975,1911.741,0.000,118.382,3.704,0.206037,Referenz: Bundesmittel behalten 2025er Ausgabenanteil.
2031,moderat,reform_ohne_erweiterte_basis,515.975,1911.741,0.000,79.464,3.704,0.226394,Bestandsschutz-Zuschuss schmilzt; Beitragsbasis unverändert.
2031,moderat,reform_mit_erwerbstaetigenbasis,515.975,1972.337,60.596,79.464,3.704,0.219439,Bestandsschutz schmilzt; Selbstständige und Neuzugänge öffentlicher Dienst erhöhen Beitragsbasis.
2032,moderat,status_quo_bund_anteilig,538.450,1945.901,0.000,123.538,3.797,0.211272,Referenz: Bundesmittel behalten 2025er Ausgabenanteil.
2032,moderat,reform_ohne_erweiterte_basis,538.450,1945.901,0.000,75.003,3.797,0.236214,Bestandsschutz-Zuschuss schmilzt; Beitragsbasis unverändert.
2032,moderat,reform_mit_erwerbstaetigenbasis,538.450,2022.999,77.099,75.003,3.797,0.227212,Bestandsschutz schmilzt; Selbstständige und Neuzugänge öffentlicher Dienst erhöhen Beitragsbasis.
2033,moderat,status_quo_bund_anteilig,561.779,1980.574,0.000,128.891,3.892,0.216602,Referenz: Bundesmittel behalten 2025er Ausgabenanteil.
2033,moderat,reform_ohne_erweiterte_basis,561.779,1980.574,0.000,70.625,3.892,0.246021,Bestandsschutz-Zuschuss schmilzt; Beitragsbasis unverändert.
2033,moderat,reform_mit_erwerbstaetigenbasis,561.779,2074.741,94.167,70.625,3.892,0.234855,Bestandsschutz schmilzt; Selbstständige und Neuzugänge öffentlicher Dienst erhöhen Beitragsbasis.
2034,moderat,status_quo_bund_anteilig,585.992,2015.765,0.000,134.446,3.989,0.222028,Referenz: Bundesmittel behalten 2025er Ausgabenanteil.
2034,moderat,reform_ohne_erweiterte_basis,585.992,2015.765,0.000,66.341,3.989,0.255814,Bestandsschutz-Zuschuss schmilzt; Beitragsbasis unverändert.
2034,moderat,reform_mit_erwerbstaetigenbasis,585.992,2127.578,111.813,66.341,3.989,0.242370,Bestandsschutz schmilzt; Selbstständige und Neuzugänge öffentlicher Dienst erhöhen Beitragsbasis.
2035,moderat,status_quo_bund_anteilig,611.120,2051.477,0.000,140.211,4.089,0.227553,Referenz: Bundesmittel behalten 2025er Ausgabenanteil.
2035,moderat,reform_ohne_erweiterte_basis,611.120,2051.477,0.000,62.165,4.089,0.265597,Bestandsschutz-Zuschuss schmilzt; Beitragsbasis unverändert.
2035,moderat,reform_mit_erwerbstaetigenbasis,611.120,2181.528,130.051,62.165,4.089,0.249764,Bestandsschutz schmilzt; Selbstständige und Neuzugänge öffentlicher Dienst erhöhen Beitragsbasis.
2036,moderat,status_quo_bund_anteilig,637.196,2087.715,0.000,146.194,4.191,0.233179,Referenz: Bundesmittel behalten 2025er Ausgabenanteil.
2036,moderat,reform_ohne_erweiterte_basis,637.196,2087.715,0.000,58.108,4.191,0.275372,Bestandsschutz-Zuschuss schmilzt; Beitragsbasis unverändert.
2036,moderat,reform_mit_erwerbstaetigenbasis,637.196,2222.209,134.494,58.108,4.191,0.258705,Bestandsschutz schmilzt; Selbstständige und Neuzugänge öffentlicher Dienst erhöhen Beitragsbasis.
2037,moderat,status_quo_bund_anteilig,664.254,2124.483,0.000,152.402,4.296,0.238908,Referenz: Bundesmittel behalten 2025er Ausgabenanteil.
2037,moderat,reform_ohne_erweiterte_basis,664.254,2124.483,0.000,54.176,4.296,0.285144,Bestandsschutz-Zuschuss schmilzt; Beitragsbasis unverändert.
2037,moderat,reform_mit_erwerbstaetigenbasis,664.254,2263.528,139.046,54.176,4.296,0.267628,Bestandsschutz schmilzt; Selbstständige und Neuzugänge öffentlicher Dienst erhöhen Beitragsbasis.
2038,moderat,status_quo_bund_anteilig,692.327,2161.784,0.000,158.843,4.403,0.244743,Referenz: Bundesmittel behalten 2025er Ausgabenanteil.
2038,moderat,reform_ohne_erweiterte_basis,692.327,2161.784,0.000,50.374,4.403,0.294918,Bestandsschutz-Zuschuss schmilzt; Beitragsbasis unverändert.
2038,moderat,reform_mit_erwerbstaetigenbasis,692.327,2305.493,143.709,50.374,4.403,0.276535,Bestandsschutz schmilzt; Selbstständige und Neuzugänge öffentlicher Dienst erhöhen Beitragsbasis.
2039,moderat,status_quo_bund_anteilig,711.765,2208.010,0.000,163.302,4.513,0.246353,Referenz: Bundesmittel behalten 2025er Ausgabenanteil.
2039,moderat,reform_ohne_erweiterte_basis,711.765,2208.010,0.000,46.704,4.513,0.299160,Bestandsschutz-Zuschuss schmilzt; Beitragsbasis unverändert.
2039,moderat,reform_mit_erwerbstaetigenbasis,711.765,2357.061,149.051,46.704,4.513,0.280242,Bestandsschutz schmilzt; Selbstständige und Neuzugänge öffentlicher Dienst erhöhen Beitragsbasis.
2040,moderat,status_quo_bund_anteilig,728.190,2255.195,0.000,167.071,4.626,0.246761,Referenz: Bundesmittel behalten 2025er Ausgabenanteil.
2040,moderat,reform_ohne_erweiterte_basis,728.190,2255.195,0.000,43.166,4.626,0.301703,Bestandsschutz-Zuschuss schmilzt; Beitragsbasis unverändert.
2040,moderat,reform_mit_erwerbstaetigenbasis,728.190,2409.750,154.554,43.166,4.626,0.282352,Bestandsschutz schmilzt; Selbstständige und Neuzugänge öffentlicher Dienst erhöhen Beitragsbasis.
2041,moderat,status_quo_bund_anteilig,744.994,2303.361,0.000,170.926,4.742,0.247172,Referenz: Bundesmittel behalten 2025er Ausgabenanteil.
2041,moderat,reform_ohne_erweiterte_basis,744.994,2303.361,0.000,39.759,4.742,0.304118,Bestandsschutz-Zuschuss schmilzt; Beitragsbasis unverändert.
2041,moderat,reform_mit_erwerbstaetigenbasis,744.994,2463.583,160.223,39.759,4.742,0.284339,Bestandsschutz schmilzt; Selbstständige und Neuzugänge öffentlicher Dienst erhöhen Beitragsbasis.
2042,moderat,status_quo_bund_anteilig,762.186,2352.524,0.000,174.871,4.860,0.247587,Referenz: Bundesmittel behalten 2025er Ausgabenanteil.
2042,moderat,reform_ohne_erweiterte_basis,762.186,2352.524,0.000,36.483,4.860,0.306413,Bestandsschutz-Zuschuss schmilzt; Beitragsbasis unverändert.
2042,moderat,reform_mit_erwerbstaetigenbasis,762.186,2518.585,166.060,36.483,4.860,0.286210,Bestandsschutz schmilzt; Selbstständige und Neuzugänge öffentlicher Dienst erhöhen Beitragsbasis.
2043,moderat,status_quo_bund_anteilig,779.775,2402.707,0.000,178.906,4.982,0.248007,Referenz: Bundesmittel behalten 2025er Ausgabenanteil.
2043,moderat,reform_ohne_erweiterte_basis,779.775,2402.707,0.000,33.337,4.982,0.308592,Bestandsschutz-Zuschuss schmilzt; Beitragsbasis unverändert.
2043,moderat,reform_mit_erwerbstaetigenbasis,779.775,2574.779,172.072,33.337,4.982,0.287969,Bestandsschutz schmilzt; Selbstständige und Neuzugänge öffentlicher Dienst erhöhen Beitragsbasis.
2044,moderat,status_quo_bund_anteilig,797.769,2453.928,0.000,183.035,5.106,0.248430,Referenz: Bundesmittel behalten 2025er Ausgabenanteil.
2044,moderat,reform_ohne_erweiterte_basis,797.769,2453.928,0.000,30.322,5.106,0.310662,Bestandsschutz-Zuschuss schmilzt; Beitragsbasis unverändert.
2044,moderat,reform_mit_erwerbstaetigenbasis,797.769,2632.190,178.262,30.322,5.106,0.289622,Bestandsschutz schmilzt; Selbstständige und Neuzugänge öffentlicher Dienst erhöhen Beitragsbasis.
2045,moderat,status_quo_bund_anteilig,816.179,2506.208,0.000,187.258,5.234,0.248857,Referenz: Bundesmittel behalten 2025er Ausgabenanteil.
2045,moderat,reform_ohne_erweiterte_basis,816.179,2506.208,0.000,27.441,5.234,0.312625,Bestandsschutz-Zuschuss schmilzt; Beitragsbasis unverändert.
2045,moderat,reform_mit_erwerbstaetigenbasis,816.179,2690.845,184.636,27.441,5.234,0.291174,Bestandsschutz schmilzt; Selbstständige und Neuzugänge öffentlicher Dienst erhöhen Beitragsbasis.
2046,moderat,status_quo_bund_anteilig,835.013,2559.569,0.000,191.580,5.365,0.249288,Referenz: Bundesmittel behalten 2025er Ausgabenanteil.
2046,moderat,reform_ohne_erweiterte_basis,835.013,2559.569,0.000,24.700,5.365,0.314486,Bestandsschutz-Zuschuss schmilzt; Beitragsbasis unverändert.
2046,moderat,reform_mit_erwerbstaetigenbasis,835.013,2750.662,191.093,24.700,5.365,0.292638,Bestandsschutz schmilzt; Selbstständige und Neuzugänge öffentlicher Dienst erhöhen Beitragsbasis.
2047,moderat,status_quo_bund_anteilig,854.282,2614.032,0.000,196.001,5.499,0.249723,Referenz: Bundesmittel behalten 2025er Ausgabenanteil.
2047,moderat,reform_ohne_erweiterte_basis,854.282,2614.032,0.000,22.104,5.499,0.316247,Bestandsschutz-Zuschuss schmilzt; Beitragsbasis unverändert.
2047,moderat,reform_mit_erwerbstaetigenbasis,854.282,2811.770,197.738,22.104,5.499,0.294007,Bestandsschutz schmilzt; Selbstständige und Neuzugänge öffentlicher Dienst erhöhen Beitragsbasis.
2048,moderat,status_quo_bund_anteilig,873.996,2669.618,0.000,200.524,5.636,0.250162,Referenz: Bundesmittel behalten 2025er Ausgabenanteil.
2048,moderat,reform_ohne_erweiterte_basis,873.996,2669.618,0.000,19.663,5.636,0.317910,Bestandsschutz-Zuschuss schmilzt; Beitragsbasis unverändert.
2048,moderat,reform_mit_erwerbstaetigenbasis,873.996,2874.195,204.577,19.663,5.636,0.295282,Bestandsschutz schmilzt; Selbstständige und Neuzugänge öffentlicher Dienst erhöhen Beitragsbasis.
2049,moderat,status_quo_bund_anteilig,894.165,2726.349,0.000,205.151,5.777,0.250605,Referenz: Bundesmittel behalten 2025er Ausgabenanteil.
2049,moderat,reform_ohne_erweiterte_basis,894.165,2726.349,0.000,17.384,5.777,0.319476,Bestandsschutz-Zuschuss schmilzt; Beitragsbasis unverändert.
2049,moderat,reform_mit_erwerbstaetigenbasis,894.165,2937.964,211.614,17.384,5.777,0.296465,Bestandsschutz schmilzt; Selbstständige und Neuzugänge öffentlicher Dienst erhöhen Beitragsbasis.
2050,moderat,status_quo_bund_anteilig,914.799,2784.249,0.000,209.885,5.921,0.251052,Referenz: Bundesmittel behalten 2025er Ausgabenanteil.
2050,moderat,reform_ohne_erweiterte_basis,914.799,2784.249,0.000,15.279,5.921,0.320948,Bestandsschutz-Zuschuss schmilzt; Beitragsbasis unverändert.
2050,moderat,reform_mit_erwerbstaetigenbasis,914.799,3003.104,218.856,15.279,5.921,0.297558,Bestandsschutz schmilzt; Selbstständige und Neuzugänge öffentlicher Dienst erhöhen Beitragsbasis.
2051,moderat,status_quo_bund_anteilig,935.909,2843.339,0.000,214.728,6.070,0.251504,Referenz: Bundesmittel behalten 2025er Ausgabenanteil.
2051,moderat,reform_ohne_erweiterte_basis,935.909,2843.339,0.000,13.356,6.070,0.322327,Bestandsschutz-Zuschuss schmilzt; Beitragsbasis unverändert.
2051,moderat,reform_mit_erwerbstaetigenbasis,935.909,3069.645,226.306,13.356,6.070,0.298563,Bestandsschutz schmilzt; Selbstständige und Neuzugänge öffentlicher Dienst erhöhen Beitragsbasis.
2052,moderat,status_quo_bund_anteilig,957.507,2903.644,0.000,219.684,6.221,0.251960,Referenz: Bundesmittel behalten 2025er Ausgabenanteil.
2052,moderat,reform_ohne_erweiterte_basis,957.507,2903.644,0.000,11.620,6.221,0.323616,Bestandsschutz-Zuschuss schmilzt; Beitragsbasis unverändert.
2052,moderat,reform_mit_erwerbstaetigenbasis,957.507,3137.615,233.971,11.620,6.221,0.299484,Bestandsschutz schmilzt; Selbstständige und Neuzugänge öffentlicher Dienst erhöhen Beitragsbasis.
2053,moderat,status_quo_bund_anteilig,979.602,2965.187,0.000,224.753,6.377,0.252420,Referenz: Bundesmittel behalten 2025er Ausgabenanteil.
2053,moderat,reform_ohne_erweiterte_basis,979.602,2965.187,0.000,10.073,6.377,0.324820,Bestandsschutz-Zuschuss schmilzt; Beitragsbasis unverändert.
2053,moderat,reform_mit_erwerbstaetigenbasis,979.602,3207.042,241.855,10.073,6.377,0.300324,Bestandsschutz schmilzt; Selbstständige und Neuzugänge öffentlicher Dienst erhöhen Beitragsbasis.
2054,moderat,status_quo_bund_anteilig,1002.208,3027.993,0.000,229.940,6.536,0.252884,Referenz: Bundesmittel behalten 2025er Ausgabenanteil.
2054,moderat,reform_ohne_erweiterte_basis,1002.208,3027.993,0.000,8.712,6.536,0.325945,Bestandsschutz-Zuschuss schmilzt; Beitragsbasis unverändert.
2054,moderat,reform_mit_erwerbstaetigenbasis,1002.208,3277.958,249.966,8.712,6.536,0.301090,Bestandsschutz schmilzt; Selbstständige und Neuzugänge öffentlicher Dienst erhöhen Beitragsbasis.
2055,moderat,status_quo_bund_anteilig,1025.336,3092.085,0.000,235.246,6.700,0.253353,Referenz: Bundesmittel behalten 2025er Ausgabenanteil.
2055,moderat,reform_ohne_erweiterte_basis,1025.336,3092.085,0.000,7.533,6.700,0.326997,Bestandsschutz-Zuschuss schmilzt; Beitragsbasis unverändert.
2055,moderat,reform_mit_erwerbstaetigenbasis,1025.336,3350.393,258.308,7.533,6.700,0.301786,Bestandsschutz schmilzt; Selbstständige und Neuzugänge öffentlicher Dienst erhöhen Beitragsbasis.
2056,moderat,status_quo_bund_anteilig,1048.997,3157.490,0.000,240.674,6.867,0.253827,Referenz: Bundesmittel behalten 2025er Ausgabenanteil.
2056,moderat,reform_ohne_erweiterte_basis,1048.997,3157.490,0.000,6.524,6.867,0.327984,Bestandsschutz-Zuschuss schmilzt; Beitragsbasis unverändert.
2056,moderat,reform_mit_erwerbstaetigenbasis,1048.997,3424.376,266.887,6.524,6.867,0.302422,Bestandsschutz schmilzt; Selbstständige und Neuzugänge öffentlicher Dienst erhöhen Beitragsbasis.
2057,moderat,status_quo_bund_anteilig,1073.204,3224.232,0.000,246.228,7.039,0.254304,Referenz: Bundesmittel behalten 2025er Ausgabenanteil.
2057,moderat,reform_ohne_erweiterte_basis,1073.204,3224.232,0.000,5.670,7.039,0.328914,Bestandsschutz-Zuschuss schmilzt; Beitragsbasis unverändert.
2057,moderat,reform_mit_erwerbstaetigenbasis,1073.204,3499.941,275.709,5.670,7.039,0.303004,Bestandsschutz schmilzt; Selbstständige und Neuzugänge öffentlicher Dienst erhöhen Beitragsbasis.
2058,moderat,status_quo_bund_anteilig,1097.969,3292.338,0.000,251.910,7.215,0.254787,Referenz: Bundesmittel behalten 2025er Ausgabenanteil.
2058,moderat,reform_ohne_erweiterte_basis,1097.969,3292.338,0.000,4.954,7.215,0.329796,Bestandsschutz-Zuschuss schmilzt; Beitragsbasis unverändert.
2058,moderat,reform_mit_erwerbstaetigenbasis,1097.969,3577.120,284.782,4.954,7.215,0.303540,Bestandsschutz schmilzt; Selbstständige und Neuzugänge öffentlicher Dienst erhöhen Beitragsbasis.
2059,moderat,status_quo_bund_anteilig,1123.306,3361.834,0.000,257.724,7.395,0.255274,Referenz: Bundesmittel behalten 2025er Ausgabenanteil.
2059,moderat,reform_ohne_erweiterte_basis,1123.306,3361.834,0.000,4.358,7.395,0.330639,Bestandsschutz-Zuschuss schmilzt; Beitragsbasis unverändert.
2059,moderat,reform_mit_erwerbstaetigenbasis,1123.306,3655.944,294.110,4.358,7.395,0.304040,Bestandsschutz schmilzt; Selbstständige und Neuzugänge öffentlicher Dienst erhöhen Beitragsbasis.
2060,moderat,status_quo_bund_anteilig,1149.228,3432.747,0.000,263.671,7.580,0.255765,Referenz: Bundesmittel behalten 2025er Ausgabenanteil.
2060,moderat,reform_ohne_erweiterte_basis,1149.228,3432.747,0.000,3.863,7.580,0.331450,Bestandsschutz-Zuschuss schmilzt; Beitragsbasis unverändert.
2060,moderat,reform_mit_erwerbstaetigenbasis,1149.228,3736.448,303.701,3.863,7.580,0.304510,Bestandsschutz schmilzt; Selbstständige und Neuzugänge öffentlicher Dienst erhöhen Beitragsbasis.
2061,moderat,status_quo_bund_anteilig,1175.748,3505.105,0.000,269.755,7.770,0.256261,Referenz: Bundesmittel behalten 2025er Ausgabenanteil.
2061,moderat,reform_ohne_erweiterte_basis,1175.748,3505.105,0.000,3.452,7.770,0.332237,Bestandsschutz-Zuschuss schmilzt; Beitragsbasis unverändert.
2061,moderat,reform_mit_erwerbstaetigenbasis,1175.748,3818.666,313.561,3.452,7.770,0.304957,Bestandsschutz schmilzt; Selbstständige und Neuzugänge öffentlicher Dienst erhöhen Beitragsbasis.
2062,moderat,status_quo_bund_anteilig,1202.880,3578.935,0.000,275.980,7.964,0.256762,Referenz: Bundesmittel behalten 2025er Ausgabenanteil.
2062,moderat,reform_ohne_erweiterte_basis,1202.880,3578.935,0.000,3.109,7.964,0.333006,Bestandsschutz-Zuschuss schmilzt; Beitragsbasis unverändert.
2062,moderat,reform_mit_erwerbstaetigenbasis,1202.880,3902.632,323.697,3.109,7.964,0.305386,Bestandsschutz schmilzt; Selbstständige und Neuzugänge öffentlicher Dienst erhöhen Beitragsbasis.
2063,moderat,status_quo_bund_anteilig,1230.638,3654.266,0.000,282.349,8.163,0.257268,Referenz: Bundesmittel behalten 2025er Ausgabenanteil.
2063,moderat,reform_ohne_erweiterte_basis,1230.638,3654.266,0.000,2.821,8.163,0.333762,Bestandsschutz-Zuschuss schmilzt; Beitragsbasis unverändert.
2063,moderat,reform_mit_erwerbstaetigenbasis,1230.638,3988.382,334.116,2.821,8.163,0.305802,Bestandsschutz schmilzt; Selbstständige und Neuzugänge öffentlicher Dienst erhöhen Beitragsbasis.
2064,moderat,status_quo_bund_anteilig,1259.037,3731.126,0.000,288.865,8.367,0.257779,Referenz: Bundesmittel behalten 2025er Ausgabenanteil.
2064,moderat,reform_ohne_erweiterte_basis,1259.037,3731.126,0.000,2.576,8.367,0.334509,Bestandsschutz-Zuschuss schmilzt; Beitragsbasis unverändert.
2064,moderat,reform_mit_erwerbstaetigenbasis,1259.037,4075.951,344.825,2.576,8.367,0.306209,Bestandsschutz schmilzt; Selbstständige und Neuzugänge öffentlicher Dienst erhöhen Beitragsbasis.
2065,moderat,status_quo_bund_anteilig,1288.091,3809.546,0.000,295.531,8.576,0.258294,Referenz: Bundesmittel behalten 2025er Ausgabenanteil.
2065,moderat,reform_ohne_erweiterte_basis,1288.091,3809.546,0.000,2.366,8.576,0.335250,Bestandsschutz-Zuschuss schmilzt; Beitragsbasis unverändert.
2065,moderat,reform_mit_erwerbstaetigenbasis,1288.091,4165.377,355.831,2.366,8.576,0.306611,Bestandsschutz schmilzt; Selbstständige und Neuzugänge öffentlicher Dienst erhöhen Beitragsbasis.
2066,moderat,status_quo_bund_anteilig,1317.815,3889.555,0.000,302.350,8.790,0.258815,Referenz: Bundesmittel behalten 2025er Ausgabenanteil.
2066,moderat,reform_ohne_erweiterte_basis,1317.815,3889.555,0.000,2.184,8.790,0.335987,Bestandsschutz-Zuschuss schmilzt; Beitragsbasis unverändert.
2066,moderat,reform_mit_erwerbstaetigenbasis,1317.815,4256.697,367.142,2.184,8.790,0.307008,Bestandsschutz schmilzt; Selbstständige und Neuzugänge öffentlicher Dienst erhöhen Beitragsbasis.
2067,moderat,status_quo_bund_anteilig,1348.226,3971.183,0.000,309.327,9.010,0.259340,Referenz: Bundesmittel behalten 2025er Ausgabenanteil.
2067,moderat,reform_ohne_erweiterte_basis,1348.226,3971.183,0.000,2.024,9.010,0.336724,Bestandsschutz-Zuschuss schmilzt; Beitragsbasis unverändert.
2067,moderat,reform_mit_erwerbstaetigenbasis,1348.226,4349.948,378.765,2.024,9.010,0.307404,Bestandsschutz schmilzt; Selbstständige und Neuzugänge öffentlicher Dienst erhöhen Beitragsbasis.
2068,moderat,status_quo_bund_anteilig,1379.338,4054.462,0.000,316.466,9.236,0.259871,Referenz: Bundesmittel behalten 2025er Ausgabenanteil.
2068,moderat,reform_ohne_erweiterte_basis,1379.338,4054.462,0.000,1.883,9.236,0.337460,Bestandsschutz-Zuschuss schmilzt; Beitragsbasis unverändert.
2068,moderat,reform_mit_erwerbstaetigenbasis,1379.338,4445.171,390.709,1.883,9.236,0.307799,Bestandsschutz schmilzt; Selbstständige und Neuzugänge öffentlicher Dienst erhöhen Beitragsbasis.
2069,moderat,status_quo_bund_anteilig,1411.168,4139.422,0.000,323.768,9.466,0.260407,Referenz: Bundesmittel behalten 2025er Ausgabenanteil.
2069,moderat,reform_ohne_erweiterte_basis,1411.168,4139.422,0.000,1.759,9.466,0.338198,Bestandsschutz-Zuschuss schmilzt; Beitragsbasis unverändert.
2069,moderat,reform_mit_erwerbstaetigenbasis,1411.168,4542.403,402.980,1.759,9.466,0.308194,Bestandsschutz schmilzt; Selbstständige und Neuzugänge öffentlicher Dienst erhöhen Beitragsbasis.
2070,moderat,status_quo_bund_anteilig,1443.732,4226.097,0.000,331.240,9.703,0.260947,Referenz: Bundesmittel behalten 2025er Ausgabenanteil.
2070,moderat,reform_ohne_erweiterte_basis,1443.732,4226.097,0.000,1.648,9.703,0.338937,Bestandsschutz-Zuschuss schmilzt; Beitragsbasis unverändert.
2070,moderat,reform_mit_erwerbstaetigenbasis,1443.732,4641.685,415.588,1.648,9.703,0.308591,Bestandsschutz schmilzt; Selbstständige und Neuzugänge öffentlicher Dienst erhöhen Beitragsbasis.
2027,alt,status_quo_bund_anteilig,436.143,1771.589,0.000,100.066,3.356,0.187810,Referenz: Bundesmittel behalten 2025er Ausgabenanteil.
2027,alt,reform_ohne_erweiterte_basis,436.143,1771.589,0.000,97.858,3.356,0.189056,Bestandsschutz-Zuschuss schmilzt; Beitragsbasis unverändert.
2027,alt,reform_mit_erwerbstaetigenbasis,436.143,1771.589,0.000,97.858,3.356,0.189056,Bestandsschutz schmilzt; Selbstständige und Neuzugänge öffentlicher Dienst erhöhen Beitragsbasis.
2028,alt,status_quo_bund_anteilig,456.261,1800.605,0.000,104.681,3.440,0.193346,Referenz: Bundesmittel behalten 2025er Ausgabenanteil.
2028,alt,reform_ohne_erweiterte_basis,456.261,1800.605,0.000,93.199,3.440,0.199723,Bestandsschutz-Zuschuss schmilzt; Beitragsbasis unverändert.
2028,alt,reform_mit_erwerbstaetigenbasis,456.261,1814.873,14.268,93.199,3.440,0.198153,Bestandsschutz schmilzt; Selbstständige und Neuzugänge öffentlicher Dienst erhöhen Beitragsbasis.
2029,alt,status_quo_bund_anteilig,477.163,1829.964,0.000,109.477,3.526,0.198999,Referenz: Bundesmittel behalten 2025er Ausgabenanteil.
2029,alt,reform_ohne_erweiterte_basis,477.163,1829.964,0.000,88.574,3.526,0.210421,Bestandsschutz-Zuschuss schmilzt; Beitragsbasis unverändert.
2029,alt,reform_mit_erwerbstaetigenbasis,477.163,1858.966,29.002,88.574,3.526,0.207138,Bestandsschutz schmilzt; Selbstständige und Neuzugänge öffentlicher Dienst erhöhen Beitragsbasis.
2030,alt,status_quo_bund_anteilig,498.879,1859.666,0.000,114.459,3.614,0.204771,Referenz: Bundesmittel behalten 2025er Ausgabenanteil.
2030,alt,reform_ohne_erweiterte_basis,498.879,1859.666,0.000,83.992,3.614,0.221154,Bestandsschutz-Zuschuss schmilzt; Beitragsbasis unverändert.
2030,alt,reform_mit_erwerbstaetigenbasis,498.879,1903.875,44.209,83.992,3.614,0.216019,Bestandsschutz schmilzt; Selbstständige und Neuzugänge öffentlicher Dienst erhöhen Beitragsbasis.
2031,alt,status_quo_bund_anteilig,521.436,1889.709,0.000,119.635,3.704,0.210666,Referenz: Bundesmittel behalten 2025er Ausgabenanteil.
2031,alt,reform_ohne_erweiterte_basis,521.436,1889.709,0.000,79.464,3.704,0.231923,Bestandsschutz-Zuschuss schmilzt; Beitragsbasis unverändert.
2031,alt,reform_mit_erwerbstaetigenbasis,521.436,1949.607,59.898,79.464,3.704,0.224798,Bestandsschutz schmilzt; Selbstständige und Neuzugänge öffentlicher Dienst erhöhen Beitragsbasis.
2032,alt,status_quo_bund_anteilig,544.865,1920.092,0.000,125.010,3.797,0.216687,Referenz: Bundesmittel behalten 2025er Ausgabenanteil.
2032,alt,reform_ohne_erweiterte_basis,544.865,1920.092,0.000,75.003,3.797,0.242731,Bestandsschutz-Zuschuss schmilzt; Beitragsbasis unverändert.
2032,alt,reform_mit_erwerbstaetigenbasis,544.865,1996.168,76.076,75.003,3.797,0.233480,Bestandsschutz schmilzt; Selbstständige und Neuzugänge öffentlicher Dienst erhöhen Beitragsbasis.
2033,alt,status_quo_bund_anteilig,569.198,1950.814,0.000,130.593,3.892,0.222837,Referenz: Bundesmittel behalten 2025er Ausgabenanteil.
2033,alt,reform_ohne_erweiterte_basis,569.198,1950.814,0.000,70.625,3.892,0.253577,Bestandsschutz-Zuschuss schmilzt; Beitragsbasis unverändert.
2033,alt,reform_mit_erwerbstaetigenbasis,569.198,2043.565,92.752,70.625,3.892,0.242068,Bestandsschutz schmilzt; Selbstständige und Neuzugänge öffentlicher Dienst erhöhen Beitragsbasis.
2034,alt,status_quo_bund_anteilig,594.466,1981.871,0.000,136.390,3.989,0.229121,Referenz: Bundesmittel behalten 2025er Ausgabenanteil.
2034,alt,reform_ohne_erweiterte_basis,594.466,1981.871,0.000,66.341,3.989,0.264465,Bestandsschutz-Zuschuss schmilzt; Beitragsbasis unverändert.
2034,alt,reform_mit_erwerbstaetigenbasis,594.466,2091.804,109.933,66.341,3.989,0.250567,Bestandsschutz schmilzt; Selbstständige und Neuzugänge öffentlicher Dienst erhöhen Beitragsbasis.
2035,alt,status_quo_bund_anteilig,620.703,2013.262,0.000,142.410,4.089,0.235541,Referenz: Bundesmittel behalten 2025er Ausgabenanteil.
2035,alt,reform_ohne_erweiterte_basis,620.703,2013.262,0.000,62.165,4.089,0.275399,Bestandsschutz-Zuschuss schmilzt; Beitragsbasis unverändert.
2035,alt,reform_mit_erwerbstaetigenbasis,620.703,2140.890,127.628,62.165,4.089,0.258981,Bestandsschutz schmilzt; Selbstständige und Neuzugänge öffentlicher Dienst erhöhen Beitragsbasis.
2036,alt,status_quo_bund_anteilig,647.943,2044.983,0.000,148.660,4.191,0.242101,Referenz: Bundesmittel behalten 2025er Ausgabenanteil.
2036,alt,reform_ohne_erweiterte_basis,647.943,2044.983,0.000,58.108,4.191,0.286381,Bestandsschutz-Zuschuss schmilzt; Beitragsbasis unverändert.
2036,alt,reform_mit_erwerbstaetigenbasis,647.943,2176.724,131.741,58.108,4.191,0.269049,Bestandsschutz schmilzt; Selbstständige und Neuzugänge öffentlicher Dienst erhöhen Beitragsbasis.
2037,alt,status_quo_bund_anteilig,676.222,2077.033,0.000,155.148,4.296,0.248806,Referenz: Bundesmittel behalten 2025er Ausgabenanteil.
2037,alt,reform_ohne_erweiterte_basis,676.222,2077.033,0.000,54.176,4.296,0.297420,Bestandsschutz-Zuschuss schmilzt; Beitragsbasis unverändert.
2037,alt,reform_mit_erwerbstaetigenbasis,676.222,2212.973,135.940,54.176,4.296,0.279150,Bestandsschutz schmilzt; Selbstständige und Neuzugänge öffentlicher Dienst erhöhen Beitragsbasis.
2038,alt,status_quo_bund_anteilig,705.577,2109.407,0.000,161.883,4.403,0.255660,Referenz: Bundesmittel behalten 2025er Ausgabenanteil.
2038,alt,reform_ohne_erweiterte_basis,705.577,2109.407,0.000,50.374,4.403,0.308523,Bestandsschutz-Zuschuss schmilzt; Beitragsbasis unverändert.
2038,alt,reform_mit_erwerbstaetigenbasis,705.577,2249.634,140.227,50.374,4.403,0.289292,Bestandsschutz schmilzt; Selbstständige und Neuzugänge öffentlicher Dienst erhöhen Beitragsbasis.
2039,alt,status_quo_bund_anteilig,725.865,2149.888,0.000,166.537,4.513,0.258067,Referenz: Bundesmittel behalten 2025er Ausgabenanteil.
2039,alt,reform_ohne_erweiterte_basis,725.865,2149.888,0.000,46.704,4.513,0.313806,Bestandsschutz-Zuschuss schmilzt; Beitragsbasis unverändert.
2039,alt,reform_mit_erwerbstaetigenbasis,725.865,2295.015,145.128,46.704,4.513,0.293963,Bestandsschutz schmilzt; Selbstständige und Neuzugänge öffentlicher Dienst erhöhen Beitragsbasis.
2040,alt,status_quo_bund_anteilig,743.105,2191.075,0.000,170.493,4.626,0.259227,Referenz: Bundesmittel behalten 2025er Ausgabenanteil.
2040,alt,reform_ohne_erweiterte_basis,743.105,2191.075,0.000,43.166,4.626,0.317339,Bestandsschutz-Zuschuss schmilzt; Beitragsbasis unverändert.
2040,alt,reform_mit_erwerbstaetigenbasis,743.105,2341.235,150.160,43.166,4.626,0.296986,Bestandsschutz schmilzt; Selbstständige und Neuzugänge öffentlicher Dienst erhöhen Beitragsbasis.
2041,alt,status_quo_bund_anteilig,760.753,2232.977,0.000,174.542,4.742,0.260401,Referenz: Bundesmittel behalten 2025er Ausgabenanteil.
2041,alt,reform_ohne_erweiterte_basis,760.753,2232.977,0.000,39.759,4.742,0.320761,Bestandsschutz-Zuschuss schmilzt; Beitragsbasis unverändert.
2041,alt,reform_mit_erwerbstaetigenbasis,760.753,2388.304,155.327,39.759,4.742,0.299900,Bestandsschutz schmilzt; Selbstständige und Neuzugänge öffentlicher Dienst erhöhen Beitragsbasis.
2042,alt,status_quo_bund_anteilig,778.820,2275.605,0.000,178.687,4.860,0.261589,Referenz: Bundesmittel behalten 2025er Ausgabenanteil.
2042,alt,reform_ohne_erweiterte_basis,778.820,2275.605,0.000,36.483,4.860,0.324079,Bestandsschutz-Zuschuss schmilzt; Beitragsbasis unverändert.
2042,alt,reform_mit_erwerbstaetigenbasis,778.820,2436.236,160.631,36.483,4.860,0.302712,Bestandsschutz schmilzt; Selbstständige und Neuzugänge öffentlicher Dienst erhöhen Beitragsbasis.
2043,alt,status_quo_bund_anteilig,797.315,2318.969,0.000,182.930,4.982,0.262791,Referenz: Bundesmittel behalten 2025er Ausgabenanteil.
2043,alt,reform_ohne_erweiterte_basis,797.315,2318.969,0.000,33.337,4.982,0.327299,Bestandsschutz-Zuschuss schmilzt; Beitragsbasis unverändert.
2043,alt,reform_mit_erwerbstaetigenbasis,797.315,2485.044,166.075,33.337,4.982,0.305426,Bestandsschutz schmilzt; Selbstständige und Neuzugänge öffentlicher Dienst erhöhen Beitragsbasis.
2044,alt,status_quo_bund_anteilig,816.250,2363.079,0.000,187.275,5.106,0.264007,Referenz: Bundesmittel behalten 2025er Ausgabenanteil.
2044,alt,reform_ohne_erweiterte_basis,816.250,2363.079,0.000,30.322,5.106,0.330426,Bestandsschutz-Zuschuss schmilzt; Beitragsbasis unverändert.
2044,alt,reform_mit_erwerbstaetigenbasis,816.250,2534.742,171.663,30.322,5.106,0.308048,Bestandsschutz schmilzt; Selbstständige und Neuzugänge öffentlicher Dienst erhöhen Beitragsbasis.
2045,alt,status_quo_bund_anteilig,835.633,2407.945,0.000,191.722,5.234,0.265238,Referenz: Bundesmittel behalten 2025er Ausgabenanteil.
2045,alt,reform_ohne_erweiterte_basis,835.633,2407.945,0.000,27.441,5.234,0.333462,Bestandsschutz-Zuschuss schmilzt; Beitragsbasis unverändert.
2045,alt,reform_mit_erwerbstaetigenbasis,835.633,2585.342,177.397,27.441,5.234,0.310581,Bestandsschutz schmilzt; Selbstständige und Neuzugänge öffentlicher Dienst erhöhen Beitragsbasis.
2046,alt,status_quo_bund_anteilig,855.477,2453.578,0.000,196.275,5.365,0.266483,Referenz: Bundesmittel behalten 2025er Ausgabenanteil.
2046,alt,reform_ohne_erweiterte_basis,855.477,2453.578,0.000,24.700,5.365,0.336412,Bestandsschutz-Zuschuss schmilzt; Beitragsbasis unverändert.
2046,alt,reform_mit_erwerbstaetigenbasis,855.477,2636.757,183.180,24.700,5.365,0.313041,Bestandsschutz schmilzt; Selbstständige und Neuzugänge öffentlicher Dienst erhöhen Beitragsbasis.
2047,alt,status_quo_bund_anteilig,875.791,2499.987,0.000,200.935,5.499,0.267744,Referenz: Bundesmittel behalten 2025er Ausgabenanteil.
2047,alt,reform_ohne_erweiterte_basis,875.791,2499.987,0.000,22.104,5.499,0.339277,Bestandsschutz-Zuschuss schmilzt; Beitragsbasis unverändert.
2047,alt,reform_mit_erwerbstaetigenbasis,875.791,2689.098,189.111,22.104,5.499,0.315417,Bestandsschutz schmilzt; Selbstständige und Neuzugänge öffentlicher Dienst erhöhen Beitragsbasis.
2048,alt,status_quo_bund_anteilig,896.587,2547.183,0.000,205.707,5.636,0.269020,Referenz: Bundesmittel behalten 2025er Ausgabenanteil.
2048,alt,reform_ohne_erweiterte_basis,896.587,2547.183,0.000,19.663,5.636,0.342060,Bestandsschutz-Zuschuss schmilzt; Beitragsbasis unverändert.
2048,alt,reform_mit_erwerbstaetigenbasis,896.587,2742.377,195.195,19.663,5.636,0.317713,Bestandsschutz schmilzt; Selbstständige und Neuzugänge öffentlicher Dienst erhöhen Beitragsbasis.
2049,alt,status_quo_bund_anteilig,917.877,2595.176,0.000,210.591,5.777,0.270312,Referenz: Bundesmittel behalten 2025er Ausgabenanteil.
2049,alt,reform_ohne_erweiterte_basis,917.877,2595.176,0.000,17.384,5.777,0.344761,Bestandsschutz-Zuschuss schmilzt; Beitragsbasis unverändert.
2049,alt,reform_mit_erwerbstaetigenbasis,917.877,2796.609,201.433,17.384,5.777,0.319929,Bestandsschutz schmilzt; Selbstständige und Neuzugänge öffentlicher Dienst erhöhen Beitragsbasis.
2050,alt,status_quo_bund_anteilig,939.671,2643.977,0.000,215.592,5.921,0.271620,Referenz: Bundesmittel behalten 2025er Ausgabenanteil.
2050,alt,reform_ohne_erweiterte_basis,939.671,2643.977,0.000,15.279,5.921,0.347382,Bestandsschutz-Zuschuss schmilzt; Beitragsbasis unverändert.
2050,alt,reform_mit_erwerbstaetigenbasis,939.671,2851.807,207.830,15.279,5.921,0.322066,Bestandsschutz schmilzt; Selbstständige und Neuzugänge öffentlicher Dienst erhöhen Beitragsbasis.
2051,alt,status_quo_bund_anteilig,961.982,2693.596,0.000,220.711,6.070,0.272945,Referenz: Bundesmittel behalten 2025er Ausgabenanteil.
2051,alt,reform_ohne_erweiterte_basis,961.982,2693.596,0.000,13.356,6.070,0.349925,Bestandsschutz-Zuschuss schmilzt; Beitragsbasis unverändert.
2051,alt,reform_mit_erwerbstaetigenbasis,961.982,2907.984,214.388,13.356,6.070,0.324127,Bestandsschutz schmilzt; Selbstständige und Neuzugänge öffentlicher Dienst erhöhen Beitragsbasis.
2052,alt,status_quo_bund_anteilig,984.823,2744.044,0.000,225.951,6.221,0.274285,Referenz: Bundesmittel behalten 2025er Ausgabenanteil.
2052,alt,reform_ohne_erweiterte_basis,984.823,2744.044,0.000,11.620,6.221,0.352393,Bestandsschutz-Zuschuss schmilzt; Beitragsbasis unverändert.
2052,alt,reform_mit_erwerbstaetigenbasis,984.823,2965.154,221.110,11.620,6.221,0.326115,Bestandsschutz schmilzt; Selbstständige und Neuzugänge öffentlicher Dienst erhöhen Beitragsbasis.
2053,alt,status_quo_bund_anteilig,1008.206,2795.330,0.000,231.316,6.377,0.275643,Referenz: Bundesmittel behalten 2025er Ausgabenanteil.
2053,alt,reform_ohne_erweiterte_basis,1008.206,2795.330,0.000,10.073,6.377,0.354790,Bestandsschutz-Zuschuss schmilzt; Beitragsbasis unverändert.
2053,alt,reform_mit_erwerbstaetigenbasis,1008.206,3023.331,228.001,10.073,6.377,0.328034,Bestandsschutz schmilzt; Selbstständige und Neuzugänge öffentlicher Dienst erhöhen Beitragsbasis.
2054,alt,status_quo_bund_anteilig,1032.143,2847.466,0.000,236.808,6.536,0.277018,Referenz: Bundesmittel behalten 2025er Ausgabenanteil.
2054,alt,reform_ohne_erweiterte_basis,1032.143,2847.466,0.000,8.712,6.536,0.357122,Bestandsschutz-Zuschuss schmilzt; Beitragsbasis unverändert.
2054,alt,reform_mit_erwerbstaetigenbasis,1032.143,3082.529,235.063,8.712,6.536,0.329890,Bestandsschutz schmilzt; Selbstständige und Neuzugänge öffentlicher Dienst erhöhen Beitragsbasis.
2055,alt,status_quo_bund_anteilig,1056.648,2900.461,0.000,242.430,6.700,0.278410,Referenz: Bundesmittel behalten 2025er Ausgabenanteil.
2055,alt,reform_ohne_erweiterte_basis,1056.648,2900.461,0.000,7.533,6.700,0.359396,Bestandsschutz-Zuschuss schmilzt; Beitragsbasis unverändert.
2055,alt,reform_mit_erwerbstaetigenbasis,1056.648,3142.761,242.300,7.533,6.700,0.331688,Bestandsschutz schmilzt; Selbstständige und Neuzugänge öffentlicher Dienst erhöhen Beitragsbasis.
2056,alt,status_quo_bund_anteilig,1081.734,2954.327,0.000,248.185,6.867,0.279820,Referenz: Bundesmittel behalten 2025er Ausgabenanteil.
2056,alt,reform_ohne_erweiterte_basis,1081.734,2954.327,0.000,6.524,6.867,0.361620,Bestandsschutz-Zuschuss schmilzt; Beitragsbasis unverändert.
2056,alt,reform_mit_erwerbstaetigenbasis,1081.734,3204.041,249.714,6.524,6.867,0.333436,Bestandsschutz schmilzt; Selbstständige und Neuzugänge öffentlicher Dienst erhöhen Beitragsbasis.
2057,alt,status_quo_bund_anteilig,1107.415,3009.073,0.000,254.078,7.039,0.281249,Referenz: Bundesmittel behalten 2025er Ausgabenanteil.
2057,alt,reform_ohne_erweiterte_basis,1107.415,3009.073,0.000,5.670,7.039,0.363802,Bestandsschutz-Zuschuss schmilzt; Beitragsbasis unverändert.
2057,alt,reform_mit_erwerbstaetigenbasis,1107.415,3266.384,257.311,5.670,7.039,0.335143,Bestandsschutz schmilzt; Selbstständige und Neuzugänge öffentlicher Dienst erhöhen Beitragsbasis.
2058,alt,status_quo_bund_anteilig,1133.705,3064.710,0.000,260.109,7.215,0.282696,Referenz: Bundesmittel behalten 2025er Ausgabenanteil.
2058,alt,reform_ohne_erweiterte_basis,1133.705,3064.710,0.000,4.954,7.215,0.365952,Bestandsschutz-Zuschuss schmilzt; Beitragsbasis unverändert.
2058,alt,reform_mit_erwerbstaetigenbasis,1133.705,3329.802,265.092,4.954,7.215,0.336818,Bestandsschutz schmilzt; Selbstständige und Neuzugänge öffentlicher Dienst erhöhen Beitragsbasis.
2059,alt,status_quo_bund_anteilig,1160.619,3121.248,0.000,266.284,7.395,0.284162,Referenz: Bundesmittel behalten 2025er Ausgabenanteil.
2059,alt,reform_ohne_erweiterte_basis,1160.619,3121.248,0.000,4.358,7.395,0.368079,Bestandsschutz-Zuschuss schmilzt; Beitragsbasis unverändert.
2059,alt,reform_mit_erwerbstaetigenbasis,1160.619,3394.310,273.062,4.358,7.395,0.338468,Bestandsschutz schmilzt; Selbstständige und Neuzugänge öffentlicher Dienst erhöhen Beitragsbasis.
2060,alt,status_quo_bund_anteilig,1188.171,3178.698,0.000,272.606,7.580,0.285647,Referenz: Bundesmittel behalten 2025er Ausgabenanteil.
2060,alt,reform_ohne_erweiterte_basis,1188.171,3178.698,0.000,3.863,7.580,0.370192,Bestandsschutz-Zuschuss schmilzt; Beitragsbasis unverändert.
2060,alt,reform_mit_erwerbstaetigenbasis,1188.171,3459.922,281.225,3.863,7.580,0.340102,Bestandsschutz schmilzt; Selbstständige und Neuzugänge öffentlicher Dienst erhöhen Beitragsbasis.
2061,alt,status_quo_bund_anteilig,1216.376,3237.069,0.000,279.077,7.770,0.287152,Referenz: Bundesmittel behalten 2025er Ausgabenanteil.
2061,alt,reform_ohne_erweiterte_basis,1216.376,3237.069,0.000,3.452,7.770,0.372298,Bestandsschutz-Zuschuss schmilzt; Beitragsbasis unverändert.
2061,alt,reform_mit_erwerbstaetigenbasis,1216.376,3526.652,289.583,3.452,7.770,0.341728,Bestandsschutz schmilzt; Selbstständige und Neuzugänge öffentlicher Dienst erhöhen Beitragsbasis.
2062,alt,status_quo_bund_anteilig,1245.250,3296.372,0.000,285.702,7.964,0.288676,Referenz: Bundesmittel behalten 2025er Ausgabenanteil.
2062,alt,reform_ohne_erweiterte_basis,1245.250,3296.372,0.000,3.109,7.964,0.374405,Bestandsschutz-Zuschuss schmilzt; Beitragsbasis unverändert.
2062,alt,reform_mit_erwerbstaetigenbasis,1245.250,3594.512,298.141,3.109,7.964,0.343350,Bestandsschutz schmilzt; Selbstständige und Neuzugänge öffentlicher Dienst erhöhen Beitragsbasis.
2063,alt,status_quo_bund_anteilig,1274.809,3356.617,0.000,292.483,8.163,0.290222,Referenz: Bundesmittel behalten 2025er Ausgabenanteil.
2063,alt,reform_ohne_erweiterte_basis,1274.809,3356.617,0.000,2.821,8.163,0.376518,Bestandsschutz-Zuschuss schmilzt; Beitragsbasis unverändert.
2063,alt,reform_mit_erwerbstaetigenbasis,1274.809,3663.518,306.901,2.821,8.163,0.344976,Bestandsschutz schmilzt; Selbstständige und Neuzugänge öffentlicher Dienst erhöhen Beitragsbasis.
2064,alt,status_quo_bund_anteilig,1305.069,3417.814,0.000,299.426,8.367,0.291788,Referenz: Bundesmittel behalten 2025er Ausgabenanteil.
2064,alt,reform_ohne_erweiterte_basis,1305.069,3417.814,0.000,2.576,8.367,0.378641,Bestandsschutz-Zuschuss schmilzt; Beitragsbasis unverändert.
2064,alt,reform_mit_erwerbstaetigenbasis,1305.069,3733.683,315.869,2.576,8.367,0.346608,Bestandsschutz schmilzt; Selbstständige und Neuzugänge öffentlicher Dienst erhöhen Beitragsbasis.
2065,alt,status_quo_bund_anteilig,1336.047,3479.973,0.000,306.533,8.576,0.293375,Referenz: Bundesmittel behalten 2025er Ausgabenanteil.
2065,alt,reform_ohne_erweiterte_basis,1336.047,3479.973,0.000,2.366,8.576,0.380780,Bestandsschutz-Zuschuss schmilzt; Beitragsbasis unverändert.
2065,alt,reform_mit_erwerbstaetigenbasis,1336.047,3805.020,325.047,2.366,8.576,0.348252,Bestandsschutz schmilzt; Selbstständige und Neuzugänge öffentlicher Dienst erhöhen Beitragsbasis.
2066,alt,status_quo_bund_anteilig,1367.759,3543.104,0.000,313.809,8.790,0.294984,Referenz: Bundesmittel behalten 2025er Ausgabenanteil.
2066,alt,reform_ohne_erweiterte_basis,1367.759,3543.104,0.000,2.184,8.790,0.382937,Bestandsschutz-Zuschuss schmilzt; Beitragsbasis unverändert.
2066,alt,reform_mit_erwerbstaetigenbasis,1367.759,3877.544,334.440,2.184,8.790,0.349908,Bestandsschutz schmilzt; Selbstständige und Neuzugänge öffentlicher Dienst erhöhen Beitragsbasis.
2067,alt,status_quo_bund_anteilig,1400.224,3607.217,0.000,321.258,9.010,0.296615,Referenz: Bundesmittel behalten 2025er Ausgabenanteil.
2067,alt,reform_ohne_erweiterte_basis,1400.224,3607.217,0.000,2.024,9.010,0.385114,Bestandsschutz-Zuschuss schmilzt; Beitragsbasis unverändert.
2067,alt,reform_mit_erwerbstaetigenbasis,1400.224,3951.267,344.051,2.024,9.010,0.351581,Bestandsschutz schmilzt; Selbstständige und Neuzugänge öffentlicher Dienst erhöhen Beitragsbasis.
2068,alt,status_quo_bund_anteilig,1433.458,3672.320,0.000,328.882,9.236,0.298269,Referenz: Bundesmittel behalten 2025er Ausgabenanteil.
2068,alt,reform_ohne_erweiterte_basis,1433.458,3672.320,0.000,1.883,9.236,0.387313,Bestandsschutz-Zuschuss schmilzt; Beitragsbasis unverändert.
2068,alt,reform_mit_erwerbstaetigenbasis,1433.458,4026.204,353.884,1.883,9.236,0.353270,Bestandsschutz schmilzt; Selbstständige und Neuzugänge öffentlicher Dienst erhöhen Beitragsbasis.
2069,alt,status_quo_bund_anteilig,1467.480,3738.425,0.000,336.688,9.466,0.299946,Referenz: Bundesmittel behalten 2025er Ausgabenanteil.
2069,alt,reform_ohne_erweiterte_basis,1467.480,3738.425,0.000,1.759,9.466,0.389537,Bestandsschutz-Zuschuss schmilzt; Beitragsbasis unverändert.
2069,alt,reform_mit_erwerbstaetigenbasis,1467.480,4102.367,363.942,1.759,9.466,0.354979,Bestandsschutz schmilzt; Selbstständige und Neuzugänge öffentlicher Dienst erhöhen Beitragsbasis.
2070,alt,status_quo_bund_anteilig,1502.308,3805.539,0.000,344.679,9.703,0.301646,Referenz: Bundesmittel behalten 2025er Ausgabenanteil.
2070,alt,reform_ohne_erweiterte_basis,1502.308,3805.539,0.000,1.648,9.703,0.391786,Bestandsschutz-Zuschuss schmilzt; Beitragsbasis unverändert.
2070,alt,reform_mit_erwerbstaetigenbasis,1502.308,4179.770,374.231,1.648,9.703,0.356708,Bestandsschutz schmilzt; Selbstständige und Neuzugänge öffentlicher Dienst erhöhen Beitragsbasis.
